strategy,params_json,opening_window,buffer_points,rolling_window,z_entry,z_exit,use_vwap,min_std_threshold,er_window,er_threshold,rv_window,extreme_vol_quantile,extreme_action,stop_loss_points,take_profit_points,max_trades,max_daily_loss,forced_exit_time,cumulative_pnl_points,cumulative_pnl_hkd,avg_daily_pnl,std_daily_pnl,sharpe_ratio,sortino_ratio,annualized_pnl,max_drawdown_points,max_drawdown_duration_days,calmar_ratio,var_95,var_99,num_trades,trades_per_day,win_rate,avg_winner,avg_loser,avg_pnl_per_trade,profit_factor,avg_holding_bars,max_single_trade_loss,max_consecutive_wins,max_consecutive_losses
MR,"{""buffer_points"": 10, ""er_threshold"": 0.35, ""er_window"": 60, ""extreme_action"": ""close"", ""extreme_vol_quantile"": 0.9, ""forced_exit_time"": 162800, ""max_daily_loss"": 200, ""max_trades"": 3, ""min_std_threshold"": 5, ""opening_window"": 30, ""rolling_window"": 120, ""rv_window"": 60, ""stop_loss_points"": 80, ""take_profit_points"": 120, ""use_vwap"": true, ""z_entry"": 1.5, ""z_exit"": 0.25}",30,10,120,1.5,0.25,True,5,60,0.35,60,0.9,close,80,120,3,200,162800,-11257.0,-562850.0,-23.162551440329217,120.76042704066488,-3.044822828601748,-3.9748410566391663,-5836.962962962963,-12782.0,485,-0.4566549024380349,-269.0,-288.45,1251,2.574074074074074,0.5323741007194245,51.62462462462462,-78.55249569707401,-8.998401278976818,0.7533469182059204,60.234212629896085,-180.0,12,11
MR,"{""buffer_points"": 10, ""er_threshold"": 0.35, ""er_window"": 60, ""extreme_action"": ""close"", ""extreme_vol_quantile"": 0.9, ""forced_exit_time"": 162800, ""max_daily_loss"": 200, ""max_trades"": 3, ""min_std_threshold"": 5, ""opening_window"": 30, ""rolling_window"": 120, ""rv_window"": 60, ""stop_loss_points"": 80, ""take_profit_points"": 80, ""use_vwap"": true, ""z_entry"": 1.5, ""z_exit"": 0.25}",30,10,120,1.5,0.25,True,5,60,0.35,60,0.9,close,80,80,3,200,162800,-11541.0,-577050.0,-23.746913580246915,116.73501467104114,-3.2292844395861566,-4.287026325085347,-5984.222222222223,-12646.0,485,-0.47321067706960485,-268.0,-288.45,1281,2.6358024691358026,0.5487900078064013,47.61877667140825,-78.2904347826087,-9.009367681498828,0.7436301841526535,55.988290398126466,-180.0,12,9
MR,"{""buffer_points"": 10, ""er_threshold"": 0.35, ""er_window"": 60, ""extreme_action"": ""close"", ""extreme_vol_quantile"": 0.9, ""forced_exit_time"": 162800, ""max_daily_loss"": 200, ""max_trades"": 3, ""min_std_threshold"": 5, ""opening_window"": 30, ""rolling_window"": 120, ""rv_window"": 60, ""stop_loss_points"": 50, ""take_profit_points"": 120, ""use_vwap"": true, ""z_entry"": 1.5, ""z_exit"": 0.25}",30,10,120,1.5,0.25,True,5,60,0.35,60,0.9,close,50,120,3,200,162800,-11017.0,-550850.0,-22.66872427983539,109.35868973160063,-3.290592112839044,-4.508100960184164,-5712.518518518518,-11763.0,485,-0.48563449107527995,-206.0,-237.3,1356,2.7901234567901234,0.45132743362831856,55.052287581699346,-60.25471698113208,-8.124631268436579,0.7535842895166521,47.14823008849557,-180.0,11,17
MR,"{""buffer_points"": 10, ""er_threshold"": 0.35, ""er_window"": 60, ""extreme_action"": ""close"", ""extreme_vol_quantile"": 0.9, ""forced_exit_time"": 162800, ""max_daily_loss"": 200, ""max_trades"": 3, ""min_std_threshold"": 5, ""opening_window"": 30, ""rolling_window"": 120, ""rv_window"": 60, ""stop_loss_points"": 80, ""take_profit_points"": 120, ""use_vwap"": true, ""z_entry"": 2.5, ""z_exit"": 0.25}",30,10,120,2.5,0.25,True,5,60,0.35,60,0.9,close,80,120,3,200,162800,-11323.0,-566150.0,-23.29835390946502,107.60277981580646,-3.437177952491464,-4.268512684253375,-5871.185185185185,-11626.0,485,-0.5050047467043854,-259.0,-285.45,906,1.8641975308641976,0.4602649006622517,61.34532374100719,-75.77823408624229,-12.497792494481237,0.6931768913938868,64.91280353200882,-169.0,7,9
MR,"{""buffer_points"": 10, ""er_threshold"": 0.35, ""er_window"": 60, ""extreme_action"": ""close"", ""extreme_vol_quantile"": 0.9, ""forced_exit_time"": 162800, ""max_daily_loss"": 200, ""max_trades"": 3, ""min_std_threshold"": 5, ""opening_window"": 30, ""rolling_window"": 120, ""rv_window"": 60, ""stop_loss_points"": 80, ""take_profit_points"": 80, ""use_vwap"": true, ""z_entry"": 2.5, ""z_exit"": 0.25}",30,10,120,2.5,0.25,True,5,60,0.35,60,0.9,close,80,80,3,200,162800,-11859.0,-592950.0,-24.401234567901234,102.78740705951826,-3.7685315855221386,-4.6601086498304,-6149.111111111111,-12142.0,480,-0.5064331338421274,-242.25,-282.45,949,1.9526748971193415,0.47839831401475236,55.12775330396476,-74.82150101419879,-12.496311907270812,0.678504622224632,59.53951527924131,-154.0,9,8
MR,"{""buffer_points"": 10, ""er_threshold"": 0.35, ""er_window"": 60, ""extreme_action"": ""close"", ""extreme_vol_quantile"": 0.9, ""forced_exit_time"": 162800, ""max_daily_loss"": 200, ""max_trades"": 3, ""min_std_threshold"": 5, ""opening_window"": 30, ""rolling_window"": 120, ""rv_window"": 60, ""stop_loss_points"": 50, ""take_profit_points"": 80, ""use_vwap"": true, ""z_entry"": 1.5, ""z_exit"": 0.25}",30,10,120,1.5,0.25,True,5,60,0.35,60,0.9,close,50,80,3,200,162800,-12065.0,-603250.0,-24.825102880658438,103.9455461500029,-3.7912763515061054,-5.406476131896415,-6255.925925925926,-12362.0,485,-0.5060609873746906,-203.0,-237.3,1379,2.837448559670782,0.46337926033357507,50.59467918622848,-60.0744248985115,-8.749093546047861,0.7282351616172993,43.56127628716461,-180.0,11,13
MR,"{""buffer_points"": 10, ""er_threshold"": 0.35, ""er_window"": 60, ""extreme_action"": ""close"", ""extreme_vol_quantile"": 0.9, ""forced_exit_time"": 162800, ""max_daily_loss"": 200, ""max_trades"": 3, ""min_std_threshold"": 5, ""opening_window"": 30, ""rolling_window"": 30, ""rv_window"": 60, ""stop_loss_points"": 80, ""take_profit_points"": 80, ""use_vwap"": true, ""z_entry"": 2.0, ""z_exit"": 0.25}",30,10,30,2.0,0.25,True,5,60,0.35,60,0.9,close,80,80,3,200,162800,-13731.0,-686550.0,-28.253086419753085,117.87917866888215,-3.8047757685852788,-5.469028737300881,-7119.777777777777,-13737.0,485,-0.5182920417687834,-266.0,-283.0,1435,2.9526748971193415,0.5616724738675958,45.94292803970223,-81.60932475884245,-9.568641114982578,0.729497054825555,37.61742160278746,-164.0,12,8
MR,"{""buffer_points"": 10, ""er_threshold"": 0.35, ""er_window"": 60, ""extreme_action"": ""close"", ""extreme_vol_quantile"": 0.9, ""forced_exit_time"": 162800, ""max_daily_loss"": 200, ""max_trades"": 3, ""min_std_threshold"": 5, ""opening_window"": 30, ""rolling_window"": 30, ""rv_window"": 60, ""stop_loss_points"": 80, ""take_profit_points"": 120, ""use_vwap"": true, ""z_entry"": 2.0, ""z_exit"": 0.25}",30,10,30,2.0,0.25,True,5,60,0.35,60,0.9,close,80,120,3,200,162800,-14271.0,-713550.0,-29.364197530864196,121.95404354165069,-3.822277401853108,-5.580707418435268,-7399.777777777777,-14277.0,485,-0.5183006078152117,-268.5,-283.0,1433,2.948559670781893,0.5478018143754362,48.244585987261146,-81.34633385335414,-9.958827634333566,0.7263103388757839,40.75226796929518,-164.0,12,8
MR,"{""buffer_points"": 10, ""er_threshold"": 0.35, ""er_window"": 60, ""extreme_action"": ""close"", ""extreme_vol_quantile"": 0.9, ""forced_exit_time"": 162800, ""max_daily_loss"": 200, ""max_trades"": 3, ""min_std_threshold"": 5, ""opening_window"": 30, ""rolling_window"": 120, ""rv_window"": 60, ""stop_loss_points"": 80, ""take_profit_points"": 120, ""use_vwap"": true, ""z_entry"": 2.0, ""z_exit"": 0.25}",30,10,120,2.0,0.25,True,5,60,0.35,60,0.9,close,80,120,3,200,162800,-13374.0,-668700.0,-27.51851851851852,113.24027309297611,-3.8576641221527517,-4.749690976838046,-6934.666666666667,-14005.0,485,-0.4951564917291444,-269.75,-290.15,1097,2.257201646090535,0.48587055606198726,55.98874296435272,-76.8967971530249,-12.191431175934367,0.6905312847093669,62.23792160437557,-184.0,9,11
MR,"{""buffer_points"": 10, ""er_threshold"": 0.35, ""er_window"": 60, ""extreme_action"": ""close"", ""extreme_vol_quantile"": 0.9, ""forced_exit_time"": 162800, ""max_daily_loss"": 200, ""max_trades"": 3, ""min_std_threshold"": 5, ""opening_window"": 30, ""rolling_window"": 60, ""rv_window"": 60, ""stop_loss_points"": 80, ""take_profit_points"": 120, ""use_vwap"": true, ""z_entry"": 1.5, ""z_exit"": 0.25}",30,10,60,1.5,0.25,True,5,60,0.35,60,0.9,close,80,120,3,200,162800,-14533.0,-726650.0,-29.903292181069958,122.78220139266895,-3.866195927218678,-5.47235728332492,-7535.62962962963,-14522.0,485,-0.518911281478421,-270.0,-292.0,1404,2.888888888888889,0.561965811965812,46.82256020278834,-84.24877250409165,-10.351139601139602,0.7176742559639444,52.47934472934473,-185.0,14,6
MR,"{""buffer_points"": 10, ""er_threshold"": 0.35, ""er_window"": 60, ""extreme_action"": ""close"", ""extreme_vol_quantile"": 0.9, ""forced_exit_time"": 162800, ""max_daily_loss"": 200, ""max_trades"": 3, ""min_std_threshold"": 5, ""opening_window"": 30, ""rolling_window"": 60, ""rv_window"": 60, ""stop_loss_points"": 50, ""take_profit_points"": 120, ""use_vwap"": true, ""z_entry"": 2.5, ""z_exit"": 0.25}",30,10,60,2.5,0.25,True,5,60,0.35,60,0.9,close,50,120,3,200,162800,-13487.0,-674350.0,-27.75102880658436,112.45862354327772,-3.9172978577399986,-5.821999437826634,-6993.259259259259,-13497.0,485,-0.5181343453552092,-200.0,-232.45,1378,2.8353909465020575,0.41146589259796806,60.01058201058201,-58.65802469135802,-9.787373004354137,0.7161408456632922,46.1233671988389,-180.0,9,10
MR,"{""buffer_points"": 10, ""er_threshold"": 0.35, ""er_window"": 60, ""extreme_action"": ""close"", ""extreme_vol_quantile"": 0.9, ""forced_exit_time"": 162800, ""max_daily_loss"": 200, ""max_trades"": 3, ""min_std_threshold"": 5, ""opening_window"": 30, ""rolling_window"": 30, ""rv_window"": 60, ""stop_loss_points"": 50, ""take_profit_points"": 80, ""use_vwap"": true, ""z_entry"": 2.0, ""z_exit"": 0.25}",30,10,30,2.0,0.25,True,5,60,0.35,60,0.9,close,50,80,3,200,162800,-12228.0,-611400.0,-25.160493827160494,100.4514908982099,-3.9761526047053644,-6.051011030195134,-6340.444444444444,-12237.0,485,-0.5181371614320867,-196.0,-223.15,1457,2.9979423868312756,0.4722031571722718,49.5,-60.501960784313724,-8.392587508579272,0.7358050298159191,26.53809196980096,-164.0,8,10
MR,"{""buffer_points"": 10, ""er_threshold"": 0.35, ""er_window"": 60, ""extreme_action"": ""close"", ""extreme_vol_quantile"": 0.9, ""forced_exit_time"": 162800, ""max_daily_loss"": 200, ""max_trades"": 3, ""min_std_threshold"": 5, ""opening_window"": 30, ""rolling_window"": 30, ""rv_window"": 60, ""stop_loss_points"": 80, ""take_profit_points"": 80, ""use_vwap"": true, ""z_entry"": 1.5, ""z_exit"": 0.25}",30,10,30,1.5,0.25,True,5,60,0.35,60,0.9,close,80,80,3,200,162800,-13451.0,-672550.0,-27.67695473251029,110.27530947674441,-3.9841922702700847,-5.395341144350679,-6974.592592592593,-13459.0,485,-0.5182103122514743,-230.5,-283.3,1435,2.9526748971193415,0.5979094076655053,40.354312354312356,-84.49033391915641,-9.373519163763067,0.7202080083203328,31.249477351916376,-172.0,12,9
MR,"{""buffer_points"": 10, ""er_threshold"": 0.35, ""er_window"": 60, ""extreme_action"": ""close"", ""extreme_vol_quantile"": 0.9, ""forced_exit_time"": 162800, ""max_daily_loss"": 200, ""max_trades"": 3, ""min_std_threshold"": 5, ""opening_window"": 30, ""rolling_window"": 30, ""rv_window"": 60, ""stop_loss_points"": 50, ""take_profit_points"": 120, ""use_vwap"": true, ""z_entry"": 2.0, ""z_exit"": 0.25}",30,10,30,2.0,0.25,True,5,60,0.35,60,0.9,close,50,120,3,200,162800,-12880.0,-644000.0,-26.502057613168724,104.43682545549443,-4.028340771761455,-6.015160593213674,-6678.518518518518,-12889.0,485,-0.5181564526742586,-199.75,-224.15,1456,2.9958847736625516,0.4581043956043956,51.85457271364318,-60.46751592356688,-8.846153846153847,0.7286535909157942,28.251373626373628,-164.0,8,10
MR,"{""buffer_points"": 10, ""er_threshold"": 0.35, ""er_window"": 60, ""extreme_action"": ""close"", ""extreme_vol_quantile"": 0.9, ""forced_exit_time"": 162800, ""max_daily_loss"": 200, ""max_trades"": 3, ""min_std_threshold"": 5, ""opening_window"": 30, ""rolling_window"": 60, ""rv_window"": 60, ""stop_loss_points"": 80, ""take_profit_points"": 80, ""use_vwap"": true, ""z_entry"": 1.5, ""z_exit"": 0.25}",30,10,60,1.5,0.25,True,5,60,0.35,60,0.9,close,80,80,3,200,162800,-14779.0,-738950.0,-30.409465020576132,119.53867955698965,-4.038318755659588,-5.81829956971417,-7663.185185185185,-14768.0,485,-0.5189047389751615,-269.0,-292.0,1412,2.905349794238683,0.5736543909348442,44.1395061728395,-84.50167224080268,-10.46671388101983,0.7075318609989709,48.30028328611898,-185.0,14,6
MR,"{""buffer_points"": 10, ""er_threshold"": 0.35, ""er_window"": 60, ""extreme_action"": ""close"", ""extreme_vol_quantile"": 0.9, ""forced_exit_time"": 162800, ""max_daily_loss"": 200, ""max_trades"": 3, ""min_std_threshold"": 5, ""opening_window"": 30, ""rolling_window"": 60, ""rv_window"": 60, ""stop_loss_points"": 80, ""take_profit_points"": 120, ""use_vwap"": true, ""z_entry"": 2.5, ""z_exit"": 0.25}",30,10,60,2.5,0.25,True,5,60,0.35,60,0.9,close,80,120,3,200,162800,-15791.0,-789550.0,-32.491769547325106,125.44112240350825,-4.111816295877135,-5.755432263833284,-8187.925925925927,-15801.0,485,-0.5181903630103112,-273.0,-288.0,1276,2.625514403292181,0.4890282131661442,57.58653846153846,-79.45468509984639,-12.37539184952978,0.6947124214596423,60.88009404388715,-180.0,9,11
MR,"{""buffer_points"": 10, ""er_threshold"": 0.35, ""er_window"": 60, ""extreme_action"": ""close"", ""extreme_vol_quantile"": 0.9, ""forced_exit_time"": 162800, ""max_daily_loss"": 200, ""max_trades"": 3, ""min_std_threshold"": 5, ""opening_window"": 30, ""rolling_window"": 60, ""rv_window"": 60, ""stop_loss_points"": 80, ""take_profit_points"": 120, ""use_vwap"": true, ""z_entry"": 2.0, ""z_exit"": 0.25}",30,10,60,2.0,0.25,True,5,60,0.35,60,0.9,close,80,120,3,200,162800,-15713.0,-785650.0,-32.33127572016461,124.76732707888878,-4.113601715820847,-5.83973174477271,-8147.481481481483,-15704.0,485,-0.5188156827229675,-272.75,-286.0,1367,2.8127572016460904,0.5237746891002194,52.81005586592179,-82.34615384615384,-11.494513533284564,0.7064362447454461,56.66861741038771,-180.0,14,9
MR,"{""buffer_points"": 10, ""er_threshold"": 0.35, ""er_window"": 60, ""extreme_action"": ""close"", ""extreme_vol_quantile"": 0.9, ""forced_exit_time"": 162800, ""max_daily_loss"": 200, ""max_trades"": 3, ""min_std_threshold"": 5, ""opening_window"": 30, ""rolling_window"": 120, ""rv_window"": 60, ""stop_loss_points"": 80, ""take_profit_points"": 80, ""use_vwap"": true, ""z_entry"": 2.0, ""z_exit"": 0.25}",30,10,120,2.0,0.25,True,5,60,0.35,60,0.9,close,80,80,3,200,162800,-13657.0,-682850.0,-28.10082304526749,107.40429505964529,-4.153341691189685,-5.200310124247283,-7081.407407407407,-14044.0,485,-0.5042300916695676,-268.0,-288.3,1131,2.3271604938271606,0.5048629531388152,51.24868651488617,-76.91756272401433,-12.075154730327144,0.6818033550792172,57.795755968169765,-184.0,9,11
MR,"{""buffer_points"": 10, ""er_threshold"": 0.35, ""er_window"": 60, ""extreme_action"": ""close"", ""extreme_vol_quantile"": 0.9, ""forced_exit_time"": 162800, ""max_daily_loss"": 200, ""max_trades"": 3, ""min_std_threshold"": 5, ""opening_window"": 30, ""rolling_window"": 30, ""rv_window"": 60, ""stop_loss_points"": 80, ""take_profit_points"": 120, ""use_vwap"": true, ""z_entry"": 1.5, ""z_exit"": 0.25}",30,10,30,1.5,0.25,True,5,60,0.35,60,0.9,close,80,120,3,200,162800,-14521.0,-726050.0,-29.878600823045268,114.16981236997357,-4.154408892825925,-5.595067096613832,-7529.407407407408,-14529.0,485,-0.5182330103522202,-263.0,-283.3,1434,2.950617283950617,0.5885634588563459,41.21800947867298,-84.7233676975945,-10.126220362622036,0.7055101502768257,33.1255230125523,-172.0,12,9
MR,"{""buffer_points"": 10, ""er_threshold"": 0.35, ""er_window"": 60, ""extreme_action"": ""close"", ""extreme_vol_quantile"": 0.9, ""forced_exit_time"": 162800, ""max_daily_loss"": 200, ""max_trades"": 3, ""min_std_threshold"": 5, ""opening_window"": 30, ""rolling_window"": 120, ""rv_window"": 60, ""stop_loss_points"": 50, ""take_profit_points"": 120, ""use_vwap"": true, ""z_entry"": 2.5, ""z_exit"": 0.25}",30,10,120,2.5,0.25,True,5,60,0.35,60,0.9,close,50,120,3,200,162800,-12556.0,-627800.0,-25.83539094650206,98.62166416059712,-4.158560092269298,-5.486957312370018,-6510.518518518519,-12675.0,485,-0.5136503762144788,-199.5,-233.6,1060,2.1810699588477367,0.38207547169811323,62.266666666666666,-57.93558282208589,-11.845283018867924,0.6676020543230794,50.45,-154.0,6,13
MR,"{""buffer_points"": 10, ""er_threshold"": 0.35, ""er_window"": 60, ""extreme_action"": ""close"", ""extreme_vol_quantile"": 0.9, ""forced_exit_time"": 162800, ""max_daily_loss"": 200, ""max_trades"": 3, ""min_std_threshold"": 5, ""opening_window"": 30, ""rolling_window"": 30, ""rv_window"": 60, ""stop_loss_points"": 80, ""take_profit_points"": 80, ""use_vwap"": true, ""z_entry"": 2.5, ""z_exit"": 0.25}",30,10,30,2.5,0.25,True,5,60,0.35,60,0.9,close,80,80,3,200,162800,-14882.0,-744100.0,-30.621399176954732,116.5582933442173,-4.170442344062319,-5.903183682729995,-7716.592592592592,-14897.0,485,-0.5179964148884065,-266.75,-289.0,1427,2.9362139917695473,0.5402943237561317,48.46952010376135,-80.88544891640866,-10.428871758934829,0.7151879353900329,43.58864751226349,-180.0,12,7
MR,"{""buffer_points"": 10, ""er_threshold"": 0.35, ""er_window"": 60, ""extreme_action"": ""close"", ""extreme_vol_quantile"": 0.9, ""forced_exit_time"": 162800, ""max_daily_loss"": 200, ""max_trades"": 3, ""min_std_threshold"": 5, ""opening_window"": 30, ""rolling_window"": 30, ""rv_window"": 60, ""stop_loss_points"": 50, ""take_profit_points"": 120, ""use_vwap"": true, ""z_entry"": 2.5, ""z_exit"": 0.25}",30,10,30,2.5,0.25,True,5,60,0.35,60,0.9,close,50,120,3,200,162800,-13593.0,-679650.0,-27.969135802469136,105.7314097333431,-4.19928446458934,-6.011588684450613,-7048.222222222223,-13620.0,485,-0.5174906183716756,-200.0,-226.3,1454,2.9917695473251027,0.4360385144429161,54.761829652996845,-59.351351351351354,-9.34869325997249,0.7186413313462494,34.352132049518566,-180.0,10,11
MR,"{""buffer_points"": 10, ""er_threshold"": 0.35, ""er_window"": 60, ""extreme_action"": ""close"", ""extreme_vol_quantile"": 0.9, ""forced_exit_time"": 162800, ""max_daily_loss"": 200, ""max_trades"": 3, ""min_std_threshold"": 5, ""opening_window"": 30, ""rolling_window"": 60, ""rv_window"": 60, ""stop_loss_points"": 80, ""take_profit_points"": 80, ""use_vwap"": true, ""z_entry"": 2.5, ""z_exit"": 0.25}",30,10,60,2.5,0.25,True,5,60,0.35,60,0.9,close,80,80,3,200,162800,-15543.0,-777150.0,-31.98148148148148,120.45103238556801,-4.2149101531265485,-6.127182760394935,-8059.333333333333,-15553.0,485,-0.5181851304142824,-267.75,-287.15,1298,2.6707818930041154,0.5115562403697997,52.60843373493976,-79.739336492891,-11.974576271186441,0.6920653789004457,55.875192604006166,-180.0,10,9
MR,"{""buffer_points"": 10, ""er_threshold"": 0.35, ""er_window"": 60, ""extreme_action"": ""close"", ""extreme_vol_quantile"": 0.9, ""forced_exit_time"": 162800, ""max_daily_loss"": 200, ""max_trades"": 3, ""min_std_threshold"": 5, ""opening_window"": 30, ""rolling_window"": 30, ""rv_window"": 60, ""stop_loss_points"": 80, ""take_profit_points"": 120, ""use_vwap"": true, ""z_entry"": 2.5, ""z_exit"": 0.25}",30,10,30,2.5,0.25,True,5,60,0.35,60,0.9,close,80,120,3,200,162800,-15883.0,-794150.0,-32.681069958847736,122.9146511851465,-4.220781632957873,-5.884969595101074,-8235.62962962963,-15898.0,485,-0.518029288566463,-272.0,-289.0,1423,2.92798353909465,0.5249472944483485,50.72021419009371,-80.73723723723724,-11.161630358397751,0.7046177307470569,48.205200281096275,-180.0,12,11
MR,"{""buffer_points"": 10, ""er_threshold"": 0.35, ""er_window"": 60, ""extreme_action"": ""close"", ""extreme_vol_quantile"": 0.9, ""forced_exit_time"": 162800, ""max_daily_loss"": 200, ""max_trades"": 3, ""min_std_threshold"": 5, ""opening_window"": 30, ""rolling_window"": 120, ""rv_window"": 60, ""stop_loss_points"": 50, ""take_profit_points"": 120, ""use_vwap"": true, ""z_entry"": 2.0, ""z_exit"": 0.25}",30,10,120,2.0,0.25,True,5,60,0.35,60,0.9,close,50,120,3,200,162800,-13277.0,-663850.0,-27.318930041152264,101.66242466795823,-4.265829496551908,-5.579927228710552,-6884.37037037037,-13834.0,485,-0.49764134526314663,-200.0,-244.45,1228,2.5267489711934155,0.40553745928338764,58.07630522088353,-58.04539202200825,-10.811889250814332,0.685371691272305,48.97394136807818,-158.0,6,22
MR,"{""buffer_points"": 10, ""er_threshold"": 0.35, ""er_window"": 60, ""extreme_action"": ""close"", ""extreme_vol_quantile"": 0.9, ""forced_exit_time"": 162800, ""max_daily_loss"": 200, ""max_trades"": 3, ""min_std_threshold"": 5, ""opening_window"": 30, ""rolling_window"": 60, ""rv_window"": 60, ""stop_loss_points"": 50, ""take_profit_points"": 80, ""use_vwap"": true, ""z_entry"": 2.5, ""z_exit"": 0.25}",30,10,60,2.5,0.25,True,5,60,0.35,60,0.9,close,50,80,3,200,162800,-14219.0,-710950.0,-29.257201646090536,106.66475905526634,-4.354237348801473,-6.651102940604643,-7372.814814814815,-14229.0,485,-0.5181541088491682,-200.0,-230.3,1392,2.8641975308641974,0.4267241379310345,54.823232323232325,-58.70012547051443,-10.214798850574713,0.6960713064295485,41.729885057471265,-180.0,9,10
MR,"{""buffer_points"": 10, ""er_threshold"": 0.35, ""er_window"": 60, ""extreme_action"": ""close"", ""extreme_vol_quantile"": 0.9, ""forced_exit_time"": 162800, ""max_daily_loss"": 200, ""max_trades"": 3, ""min_std_threshold"": 5, ""opening_window"": 30, ""rolling_window"": 60, ""rv_window"": 60, ""stop_loss_points"": 50, ""take_profit_points"": 120, ""use_vwap"": true, ""z_entry"": 2.0, ""z_exit"": 0.25}",30,10,60,2.0,0.25,True,5,60,0.35,60,0.9,close,50,120,3,200,162800,-14789.0,-739450.0,-30.430041152263374,110.54482807076128,-4.369828386153778,-6.557037810900428,-7668.37037037037,-14780.0,485,-0.5188342605122037,-200.0,-226.6,1425,2.932098765432099,0.4378947368421053,54.57051282051282,-61.05125,-10.378245614035087,0.6972011220081489,42.77684210526316,-180.0,14,15
MR,"{""buffer_points"": 10, ""er_threshold"": 0.35, ""er_window"": 60, ""extreme_action"": ""close"", ""extreme_vol_quantile"": 0.9, ""forced_exit_time"": 162800, ""max_daily_loss"": 200, ""max_trades"": 3, ""min_std_threshold"": 5, ""opening_window"": 30, ""rolling_window"": 30, ""rv_window"": 60, ""stop_loss_points"": 50, ""take_profit_points"": 80, ""use_vwap"": true, ""z_entry"": 2.5, ""z_exit"": 0.25}",30,10,30,2.5,0.25,True,5,60,0.35,60,0.9,close,50,80,3,200,162800,-13733.0,-686650.0,-28.257201646090536,100.29059683743402,-4.472694190264629,-6.413086942196309,-7120.814814814815,-13760.0,485,-0.5175010766580534,-198.75,-224.3,1455,2.993827160493827,0.44879725085910654,51.24655436447167,-59.29271356783919,-9.438487972508591,0.7090281161938259,31.721649484536083,-180.0,10,11
MR,"{""buffer_points"": 10, ""er_threshold"": 0.35, ""er_window"": 60, ""extreme_action"": ""close"", ""extreme_vol_quantile"": 0.9, ""forced_exit_time"": 162800, ""max_daily_loss"": 200, ""max_trades"": 3, ""min_std_threshold"": 5, ""opening_window"": 30, ""rolling_window"": 60, ""rv_window"": 60, ""stop_loss_points"": 80, ""take_profit_points"": 80, ""use_vwap"": true, ""z_entry"": 2.0, ""z_exit"": 0.25}",30,10,60,2.0,0.25,True,5,60,0.35,60,0.9,close,80,80,3,200,162800,-16302.0,-815100.0,-33.54320987654321,118.85432990557945,-4.4801224277827245,-6.619605238012389,-8452.888888888889,-16293.0,485,-0.5188049400901545,-263.75,-285.0,1377,2.8333333333333335,0.5374001452432825,48.67162162162162,-82.2625786163522,-11.838779956427015,0.688411475754506,52.85984023238925,-180.0,14,9
MR,"{""buffer_points"": 10, ""er_threshold"": 0.35, ""er_window"": 60, ""extreme_action"": ""close"", ""extreme_vol_quantile"": 0.9, ""forced_exit_time"": 162800, ""max_daily_loss"": 200, ""max_trades"": 3, ""min_std_threshold"": 5, ""opening_window"": 30, ""rolling_window"": 120, ""rv_window"": 60, ""stop_loss_points"": 50, ""take_profit_points"": 80, ""use_vwap"": true, ""z_entry"": 2.5, ""z_exit"": 0.25}",30,10,120,2.5,0.25,True,5,60,0.35,60,0.9,close,50,80,3,200,162800,-13333.0,-666650.0,-27.43415637860082,93.75435542327207,-4.645157329210353,-6.147029475768521,-6913.407407407407,-13430.0,485,-0.5147734480571412,-198.0,-233.6,1097,2.257201646090535,0.3992707383773929,56.23287671232877,-57.87042682926829,-12.154056517775752,0.648789610936965,45.6253418413856,-154.0,7,13
MR,"{""buffer_points"": 10, ""er_threshold"": 0.35, ""er_window"": 60, ""extreme_action"": ""close"", ""extreme_vol_quantile"": 0.9, ""forced_exit_time"": 162800, ""max_daily_loss"": 200, ""max_trades"": 3, ""min_std_threshold"": 5, ""opening_window"": 30, ""rolling_window"": 30, ""rv_window"": 60, ""stop_loss_points"": 50, ""take_profit_points"": 120, ""use_vwap"": true, ""z_entry"": 1.5, ""z_exit"": 0.25}",30,10,30,1.5,0.25,True,5,60,0.35,60,0.9,close,50,120,3,200,162800,-13873.0,-693650.0,-28.545267489711936,97.06363630639997,-4.668505019564061,-6.504124351253011,-7193.407407407408,-13851.0,485,-0.5193420985782549,-198.75,-219.3,1458,3.0,0.4794238683127572,46.814020028612305,-61.63492063492063,-9.515089163237311,0.7022705811657654,21.29492455418381,-126.0,8,9
MR,"{""buffer_points"": 10, ""er_threshold"": 0.35, ""er_window"": 60, ""extreme_action"": ""close"", ""extreme_vol_quantile"": 0.9, ""forced_exit_time"": 162800, ""max_daily_loss"": 200, ""max_trades"": 3, ""min_std_threshold"": 5, ""opening_window"": 30, ""rolling_window"": 30, ""rv_window"": 60, ""stop_loss_points"": 50, ""take_profit_points"": 80, ""use_vwap"": true, ""z_entry"": 1.5, ""z_exit"": 0.25}",30,10,30,1.5,0.25,True,5,60,0.35,60,0.9,close,50,80,3,200,162800,-13728.0,-686400.0,-28.246913580246915,95.04649291371382,-4.717752734315781,-6.858629211725815,-7118.222222222223,-13706.0,485,-0.519350811485643,-193.75,-219.3,1458,3.0,0.4869684499314129,45.31549295774648,-61.613422818791946,-9.415637860082304,0.7009280641366389,19.993827160493826,-126.0,8,9
MR,"{""buffer_points"": 10, ""er_threshold"": 0.35, ""er_window"": 60, ""extreme_action"": ""close"", ""extreme_vol_quantile"": 0.9, ""forced_exit_time"": 162800, ""max_daily_loss"": 200, ""max_trades"": 3, ""min_std_threshold"": 5, ""opening_window"": 30, ""rolling_window"": 120, ""rv_window"": 60, ""stop_loss_points"": 50, ""take_profit_points"": 80, ""use_vwap"": true, ""z_entry"": 2.0, ""z_exit"": 0.25}",30,10,120,2.0,0.25,True,5,60,0.35,60,0.9,close,50,80,3,200,162800,-13807.0,-690350.0,-28.409465020576132,95.26818917661635,-4.733860062280816,-6.3159968052740885,-7159.185185185185,-14132.0,485,-0.5065939134719208,-195.75,-238.04999999999998,1249,2.5699588477366255,0.41953562850280224,53.58015267175573,-58.00969529085872,-11.054443554843875,0.6703435761526156,45.00960768614892,-158.0,7,13
MR,"{""buffer_points"": 10, ""er_threshold"": 0.35, ""er_window"": 60, ""extreme_action"": ""close"", ""extreme_vol_quantile"": 0.9, ""forced_exit_time"": 162800, ""max_daily_loss"": 200, ""max_trades"": 3, ""min_std_threshold"": 5, ""opening_window"": 30, ""rolling_window"": 60, ""rv_window"": 60, ""stop_loss_points"": 50, ""take_profit_points"": 80, ""use_vwap"": true, ""z_entry"": 2.0, ""z_exit"": 0.25}",30,10,60,2.0,0.25,True,5,60,0.35,60,0.9,close,50,80,3,200,162800,-15634.0,-781700.0,-32.16872427983539,105.6612771739926,-4.83301622212071,-7.37112265015818,-8106.518518518517,-15625.0,485,-0.5188171851851852,-199.75,-226.6,1430,2.94238683127572,0.44825174825174824,51.02964118564743,-61.3502538071066,-10.932867132867132,0.6766093000165481,39.5013986013986,-180.0,14,15
MR,"{""buffer_points"": 10, ""er_threshold"": 0.35, ""er_window"": 60, ""extreme_action"": ""close"", ""extreme_vol_quantile"": 0.9, ""forced_exit_time"": 162800, ""max_daily_loss"": 200, ""max_trades"": 3, ""min_std_threshold"": 5, ""opening_window"": 30, ""rolling_window"": 60, ""rv_window"": 60, ""stop_loss_points"": 50, ""take_profit_points"": 80, ""use_vwap"": true, ""z_entry"": 1.5, ""z_exit"": 0.25}",30,10,60,1.5,0.25,True,5,60,0.35,60,0.9,close,50,80,3,200,162800,-15626.0,-781300.0,-32.1522633744856,103.93819270163915,-4.91062375238305,-7.311655537041722,-8102.370370370371,-15615.0,485,-0.5188837893288742,-198.75,-231.0,1449,2.9814814814814814,0.46514837819185645,47.176557863501486,-61.270025839793284,-10.783988957902002,0.6704974379520486,34.857142857142854,-180.0,14,11
MR,"{""buffer_points"": 10, ""er_threshold"": 0.35, ""er_window"": 60, ""extreme_action"": ""close"", ""extreme_vol_quantile"": 0.9, ""forced_exit_time"": 162800, ""max_daily_loss"": 200, ""max_trades"": 3, ""min_std_threshold"": 5, ""opening_window"": 30, ""rolling_window"": 60, ""rv_window"": 60, ""stop_loss_points"": 50, ""take_profit_points"": 120, ""use_vwap"": true, ""z_entry"": 1.5, ""z_exit"": 0.25}",30,10,60,1.5,0.25,True,5,60,0.35,60,0.9,close,50,120,3,200,162800,-16751.0,-837550.0,-34.46707818930041,107.57835766375597,-5.086040684480373,-7.4736778046047565,-8685.703703703703,-16740.0,485,-0.5188592415593609,-199.0,-231.0,1446,2.9753086419753085,0.4515905947441217,48.64624808575804,-61.25883838383838,-11.584370677731673,0.6547395758187852,37.822268326417706,-180.0,14,13
