strategy,params_json,opening_window,buffer_points,rolling_window,z_entry,z_exit,use_vwap,min_std_threshold,er_window,er_threshold,rv_window,extreme_vol_quantile,extreme_action,stop_loss_points,take_profit_points,max_trades,max_daily_loss,forced_exit_time,extreme_vol_threshold,cumulative_pnl_points,cumulative_pnl_hkd,avg_daily_pnl,std_daily_pnl,sharpe_ratio,sortino_ratio,annualized_pnl,max_drawdown_points,max_drawdown_duration_days,calmar_ratio,var_95,var_99,num_trades,trades_per_day,win_rate,avg_winner,avg_loser,avg_pnl_per_trade,profit_factor,avg_holding_bars,max_single_trade_loss,max_consecutive_wins,max_consecutive_losses
HYBRID,"{""buffer_points"": 10, ""er_threshold"": 0.35, ""er_window"": 60, ""extreme_action"": ""close"", ""extreme_vol_quantile"": 0.9, ""extreme_vol_threshold"": 0.00627186515335333, ""forced_exit_time"": 162800, ""max_daily_loss"": 200, ""max_trades"": 3, ""min_std_threshold"": 5, ""opening_window"": 30, ""rolling_window"": 120, ""rv_window"": 120, ""stop_loss_points"": 80, ""take_profit_points"": 120, ""use_vwap"": true, ""z_entry"": 2.5, ""z_exit"": 0.25}",30,10,120,2.5,0.25,True,5,60,0.35,120,0.9,close,80,120,3,200,162800,0.00627186515335333,-6220.0,-311000.0,-12.798353909465021,103.50373506566092,-1.9629008526477656,-2.6074022725386885,-3225.185185185185,-7306.0,475,-0.44144335959282577,-208.25,-272.3,915,1.882716049382716,0.49398907103825135,60.030973451327434,-72.50869565217391,-6.797814207650274,0.8135156203154045,65.68415300546448,-137.0,7,9
HYBRID,"{""buffer_points"": 10, ""er_threshold"": 0.35, ""er_window"": 60, ""extreme_action"": ""block_only"", ""extreme_vol_quantile"": 0.9, ""extreme_vol_threshold"": 0.00627186515335333, ""forced_exit_time"": 162800, ""max_daily_loss"": 200, ""max_trades"": 3, ""min_std_threshold"": 5, ""opening_window"": 30, ""rolling_window"": 120, ""rv_window"": 120, ""stop_loss_points"": 80, ""take_profit_points"": 120, ""use_vwap"": true, ""z_entry"": 2.5, ""z_exit"": 0.25}",30,10,120,2.5,0.25,True,5,60,0.35,120,0.9,block_only,80,120,3,200,162800,0.00627186515335333,-6472.0,-323600.0,-13.316872427983538,105.34093105707446,-2.006805844531284,-2.660270739939262,-3355.8518518518517,-7509.0,475,-0.44691062083524463,-210.5,-274.6,903,1.8580246913580247,0.48726467331118495,63.89545454545455,-75.18695652173913,-7.167220376522702,0.8128722604522061,68.72978959025471,-184.0,7,11
HYBRID,"{""buffer_points"": 10, ""er_threshold"": 0.35, ""er_window"": 60, ""extreme_action"": ""close"", ""extreme_vol_quantile"": 0.95, ""extreme_vol_threshold"": 0.00545138283487605, ""forced_exit_time"": 162800, ""max_daily_loss"": 200, ""max_trades"": 3, ""min_std_threshold"": 5, ""opening_window"": 30, ""rolling_window"": 120, ""rv_window"": 60, ""stop_loss_points"": 80, ""take_profit_points"": 120, ""use_vwap"": true, ""z_entry"": 2.5, ""z_exit"": 0.25}",30,10,120,2.5,0.25,True,5,60,0.35,60,0.95,close,80,120,3,200,162800,0.00545138283487605,-6622.0,-331100.0,-13.62551440329218,105.65036525052767,-2.0473032446762716,-2.7493717310214296,-3433.6296296296296,-7837.0,475,-0.43813061498400274,-212.0,-272.3,934,1.9218106995884774,0.4817987152034261,64.28888888888889,-73.91268191268192,-7.089935760171306,0.8137376237623762,66.83511777301928,-137.0,7,13
HYBRID,"{""buffer_points"": 10, ""er_threshold"": 0.35, ""er_window"": 60, ""extreme_action"": ""block_only"", ""extreme_vol_quantile"": 0.9, ""extreme_vol_threshold"": 0.004687504506028113, ""forced_exit_time"": 162800, ""max_daily_loss"": 200, ""max_trades"": 3, ""min_std_threshold"": 5, ""opening_window"": 30, ""rolling_window"": 120, ""rv_window"": 60, ""stop_loss_points"": 80, ""take_profit_points"": 120, ""use_vwap"": true, ""z_entry"": 2.5, ""z_exit"": 0.25}",30,10,120,2.5,0.25,True,5,60,0.35,60,0.9,block_only,80,120,3,200,162800,0.004687504506028113,-6845.0,-342250.0,-14.084362139917696,102.93390473815631,-2.172095949842027,-2.8563603474296464,-3549.259259259259,-7848.0,475,-0.45225016045607275,-208.25,-272.0,911,1.874485596707819,0.4829857299670692,63.9,-74.70299145299145,-7.513721185510428,0.8042104058808387,68.18551042810098,-137.0,7,9
HYBRID,"{""buffer_points"": 10, ""er_threshold"": 0.35, ""er_window"": 60, ""extreme_action"": ""close"", ""extreme_vol_quantile"": 0.95, ""extreme_vol_threshold"": 0.007302276055988706, ""forced_exit_time"": 162800, ""max_daily_loss"": 200, ""max_trades"": 3, ""min_std_threshold"": 5, ""opening_window"": 30, ""rolling_window"": 120, ""rv_window"": 120, ""stop_loss_points"": 80, ""take_profit_points"": 120, ""use_vwap"": true, ""z_entry"": 2.5, ""z_exit"": 0.25}",30,10,120,2.5,0.25,True,5,60,0.35,120,0.95,close,80,120,3,200,162800,0.007302276055988706,-7059.0,-352950.0,-14.524691358024691,105.8359672625492,-2.178581943204896,-2.9022632825349572,-3660.222222222222,-8213.0,475,-0.44566202632682606,-218.5,-272.0,926,1.9053497942386832,0.48272138228941686,63.09395973154363,-74.0798319327731,-7.623110151187905,0.7998128296750042,66.53023758099351,-137.0,7,8
HYBRID,"{""buffer_points"": 10, ""er_threshold"": 0.35, ""er_window"": 60, ""extreme_action"": ""block_only"", ""extreme_vol_quantile"": 0.95, ""extreme_vol_threshold"": 0.007302276055988706, ""forced_exit_time"": 162800, ""max_daily_loss"": 200, ""max_trades"": 3, ""min_std_threshold"": 5, ""opening_window"": 30, ""rolling_window"": 120, ""rv_window"": 120, ""stop_loss_points"": 80, ""take_profit_points"": 120, ""use_vwap"": true, ""z_entry"": 2.5, ""z_exit"": 0.25}",30,10,120,2.5,0.25,True,5,60,0.35,120,0.95,block_only,80,120,3,200,162800,0.007302276055988706,-7151.0,-357550.0,-14.713991769547325,107.06850340965558,-2.181569468641478,-2.8731341359215703,-3707.925925925926,-8183.0,475,-0.4531254950416627,-221.5,-274.45,922,1.897119341563786,0.4837310195227766,64.3677130044843,-75.81183932346723,-7.7559652928416485,0.8005800496388633,67.97830802603036,-184.0,7,11
HYBRID,"{""buffer_points"": 10, ""er_threshold"": 0.35, ""er_window"": 60, ""extreme_action"": ""close"", ""extreme_vol_quantile"": 0.9, ""extreme_vol_threshold"": 0.004687504506028113, ""forced_exit_time"": 162800, ""max_daily_loss"": 200, ""max_trades"": 3, ""min_std_threshold"": 5, ""opening_window"": 30, ""rolling_window"": 120, ""rv_window"": 60, ""stop_loss_points"": 80, ""take_profit_points"": 120, ""use_vwap"": true, ""z_entry"": 2.5, ""z_exit"": 0.25}",30,10,120,2.5,0.25,True,5,60,0.35,60,0.9,close,80,120,3,200,162800,0.004687504506028113,-7215.0,-360750.0,-14.845679012345679,101.61264051902863,-2.319276883855934,-3.085348664395322,-3741.111111111111,-8176.0,475,-0.45757229832572294,-205.0,-271.15,921,1.8950617283950617,0.48751357220412594,60.89309576837417,-73.68017057569297,-7.833876221498372,0.791208473202917,65.9370249728556,-137.0,7,9
HYBRID,"{""buffer_points"": 10, ""er_threshold"": 0.35, ""er_window"": 60, ""extreme_action"": ""block_only"", ""extreme_vol_quantile"": 0.95, ""extreme_vol_threshold"": 0.00545138283487605, ""forced_exit_time"": 162800, ""max_daily_loss"": 200, ""max_trades"": 3, ""min_std_threshold"": 5, ""opening_window"": 30, ""rolling_window"": 120, ""rv_window"": 60, ""stop_loss_points"": 80, ""take_profit_points"": 120, ""use_vwap"": true, ""z_entry"": 2.5, ""z_exit"": 0.25}",30,10,120,2.5,0.25,True,5,60,0.35,60,0.95,block_only,80,120,3,200,162800,0.00545138283487605,-7640.0,-382000.0,-15.720164609053498,106.71142261380218,-2.338548869791281,-3.111379671927184,-3961.4814814814813,-8753.0,475,-0.4525855685458107,-225.0,-274.45,930,1.9135802469135803,0.478494623655914,65.0943820224719,-75.94813278008299,-8.21505376344086,0.7912967465238889,67.93763440860215,-154.0,7,9
HYBRID,"{""buffer_points"": 10, ""er_threshold"": 0.45, ""er_window"": 60, ""extreme_action"": ""block_only"", ""extreme_vol_quantile"": 0.9, ""extreme_vol_threshold"": 0.00627186515335333, ""forced_exit_time"": 162800, ""max_daily_loss"": 200, ""max_trades"": 3, ""min_std_threshold"": 5, ""opening_window"": 30, ""rolling_window"": 120, ""rv_window"": 120, ""stop_loss_points"": 80, ""take_profit_points"": 120, ""use_vwap"": true, ""z_entry"": 2.5, ""z_exit"": 0.25}",30,10,120,2.5,0.25,True,5,60,0.45,120,0.9,block_only,80,120,3,200,162800,0.00627186515335333,-10452.0,-522600.0,-21.506172839506174,101.88183454002075,-3.350939953702186,-4.012799639263107,-5419.555555555556,-10587.0,481,-0.5119066360211161,-249.5,-281.6,869,1.7880658436213992,0.4626006904487917,59.34825870646766,-73.78494623655914,-12.027617951668585,0.695365782570679,66.45684695051784,-137.0,7,12
HYBRID,"{""buffer_points"": 10, ""er_threshold"": 0.45, ""er_window"": 60, ""extreme_action"": ""block_only"", ""extreme_vol_quantile"": 0.9, ""extreme_vol_threshold"": 0.004687504506028113, ""forced_exit_time"": 162800, ""max_daily_loss"": 200, ""max_trades"": 3, ""min_std_threshold"": 5, ""opening_window"": 30, ""rolling_window"": 120, ""rv_window"": 60, ""stop_loss_points"": 80, ""take_profit_points"": 120, ""use_vwap"": true, ""z_entry"": 2.5, ""z_exit"": 0.25}",30,10,120,2.5,0.25,True,5,60,0.45,60,0.9,block_only,80,120,3,200,162800,0.004687504506028113,-10811.0,-540550.0,-22.244855967078188,104.40081231800659,-3.3824079831909026,-4.154214307164339,-5605.7037037037035,-11039.0,481,-0.5078090138331102,-244.5,-280.75,890,1.831275720164609,0.4584269662921348,60.51960784313726,-73.96458333333334,-12.147191011235956,0.6954905219277244,65.53932584269663,-137.0,7,12
HYBRID,"{""buffer_points"": 10, ""er_threshold"": 0.45, ""er_window"": 60, ""extreme_action"": ""close"", ""extreme_vol_quantile"": 0.9, ""extreme_vol_threshold"": 0.004687504506028113, ""forced_exit_time"": 162800, ""max_daily_loss"": 200, ""max_trades"": 3, ""min_std_threshold"": 5, ""opening_window"": 30, ""rolling_window"": 120, ""rv_window"": 60, ""stop_loss_points"": 80, ""take_profit_points"": 120, ""use_vwap"": true, ""z_entry"": 2.5, ""z_exit"": 0.25}",30,10,120,2.5,0.25,True,5,60,0.45,60,0.9,close,80,120,3,200,162800,0.004687504506028113,-10633.0,-531650.0,-21.878600823045268,101.8702007908706,-3.409358361666354,-4.131896941278482,-5513.407407407408,-10859.0,481,-0.50772699211782,-231.25,-279.15,895,1.8415637860082306,0.46256983240223465,58.73913043478261,-72.96659707724426,-11.880446927374301,0.6957740837172041,64.43463687150837,-137.0,7,12
HYBRID,"{""buffer_points"": 10, ""er_threshold"": 0.45, ""er_window"": 60, ""extreme_action"": ""block_only"", ""extreme_vol_quantile"": 0.95, ""extreme_vol_threshold"": 0.00545138283487605, ""forced_exit_time"": 162800, ""max_daily_loss"": 200, ""max_trades"": 3, ""min_std_threshold"": 5, ""opening_window"": 30, ""rolling_window"": 120, ""rv_window"": 60, ""stop_loss_points"": 80, ""take_profit_points"": 120, ""use_vwap"": true, ""z_entry"": 2.5, ""z_exit"": 0.25}",30,10,120,2.5,0.25,True,5,60,0.45,60,0.95,block_only,80,120,3,200,162800,0.00545138283487605,-10998.0,-549900.0,-22.62962962962963,104.89514974422093,-3.4246982290883645,-4.24185747457033,-5702.666666666667,-11226.0,481,-0.5079874101787517,-244.5,-279.9,901,1.853909465020576,0.4583795782463929,61.64648910411622,-75.01646090534979,-12.206437291897892,0.6983378133742937,65.35183129855716,-154.0,7,9
HYBRID,"{""buffer_points"": 10, ""er_threshold"": 0.45, ""er_window"": 60, ""extreme_action"": ""close"", ""extreme_vol_quantile"": 0.9, ""extreme_vol_threshold"": 0.00627186515335333, ""forced_exit_time"": 162800, ""max_daily_loss"": 200, ""max_trades"": 3, ""min_std_threshold"": 5, ""opening_window"": 30, ""rolling_window"": 120, ""rv_window"": 120, ""stop_loss_points"": 80, ""take_profit_points"": 120, ""use_vwap"": true, ""z_entry"": 2.5, ""z_exit"": 0.25}",30,10,120,2.5,0.25,True,5,60,0.45,120,0.9,close,80,120,3,200,162800,0.00627186515335333,-10665.0,-533250.0,-21.944444444444443,101.5613521346712,-3.430017901838419,-4.142695045588062,-5530.0,-10800.0,481,-0.5120370370370371,-231.5,-281.6,879,1.808641975308642,0.4653014789533561,57.210268948655255,-72.78632478632478,-12.133105802047782,0.6869128698919681,64.967007963595,-137.0,7,12
HYBRID,"{""buffer_points"": 10, ""er_threshold"": 0.45, ""er_window"": 60, ""extreme_action"": ""close"", ""extreme_vol_quantile"": 0.95, ""extreme_vol_threshold"": 0.00545138283487605, ""forced_exit_time"": 162800, ""max_daily_loss"": 200, ""max_trades"": 3, ""min_std_threshold"": 5, ""opening_window"": 30, ""rolling_window"": 120, ""rv_window"": 60, ""stop_loss_points"": 80, ""take_profit_points"": 120, ""use_vwap"": true, ""z_entry"": 2.5, ""z_exit"": 0.25}",30,10,120,2.5,0.25,True,5,60,0.45,60,0.95,close,80,120,3,200,162800,0.00545138283487605,-10973.0,-548650.0,-22.578189300411523,104.00157144735232,-3.4462714233083296,-4.24017724973497,-5689.7037037037035,-11201.0,481,-0.5079639053391397,-244.5,-285.45,904,1.860082304526749,0.4579646017699115,60.42028985507246,-73.7438524590164,-12.138274336283185,0.6950843360102259,64.9358407079646,-137.0,7,13
HYBRID,"{""buffer_points"": 10, ""er_threshold"": 0.45, ""er_window"": 60, ""extreme_action"": ""block_only"", ""extreme_vol_quantile"": 0.95, ""extreme_vol_threshold"": 0.007302276055988706, ""forced_exit_time"": 162800, ""max_daily_loss"": 200, ""max_trades"": 3, ""min_std_threshold"": 5, ""opening_window"": 30, ""rolling_window"": 120, ""rv_window"": 120, ""stop_loss_points"": 80, ""take_profit_points"": 120, ""use_vwap"": true, ""z_entry"": 2.5, ""z_exit"": 0.25}",30,10,120,2.5,0.25,True,5,60,0.45,120,0.95,block_only,80,120,3,200,162800,0.007302276055988706,-10762.0,-538100.0,-22.144032921810698,101.08689655460898,-3.4774598567374966,-4.203944229216249,-5580.296296296296,-10897.0,481,-0.5120947321552992,-233.25,-278.15,887,1.8251028806584362,0.46223224351747466,60.02682926829268,-74.46947368421053,-12.13303269447576,0.6957566505526814,65.79594137542277,-137.0,7,12
HYBRID,"{""buffer_points"": 10, ""er_threshold"": 0.35, ""er_window"": 120, ""extreme_action"": ""block_only"", ""extreme_vol_quantile"": 0.9, ""extreme_vol_threshold"": 0.00627186515335333, ""forced_exit_time"": 162800, ""max_daily_loss"": 200, ""max_trades"": 3, ""min_std_threshold"": 5, ""opening_window"": 30, ""rolling_window"": 120, ""rv_window"": 120, ""stop_loss_points"": 80, ""take_profit_points"": 120, ""use_vwap"": true, ""z_entry"": 2.5, ""z_exit"": 0.25}",30,10,120,2.5,0.25,True,5,120,0.35,120,0.9,block_only,80,120,3,200,162800,0.00627186515335333,-11180.0,-559000.0,-23.004115226337447,103.32955976473684,-3.5341194615677005,-4.221836309324785,-5797.0370370370365,-11535.0,485,-0.5025606447366309,-259.75,-282.45,866,1.7818930041152263,0.4607390300230947,57.68170426065163,-73.53763440860214,-12.909930715935335,0.6730516157332943,66.15588914549653,-137.0,7,12
HYBRID,"{""buffer_points"": 10, ""er_threshold"": 0.35, ""er_window"": 120, ""extreme_action"": ""block_only"", ""extreme_vol_quantile"": 0.95, ""extreme_vol_threshold"": 0.007302276055988706, ""forced_exit_time"": 162800, ""max_daily_loss"": 200, ""max_trades"": 3, ""min_std_threshold"": 5, ""opening_window"": 30, ""rolling_window"": 120, ""rv_window"": 120, ""stop_loss_points"": 80, ""take_profit_points"": 120, ""use_vwap"": true, ""z_entry"": 2.5, ""z_exit"": 0.25}",30,10,120,2.5,0.25,True,5,120,0.35,120,0.95,block_only,80,120,3,200,162800,0.007302276055988706,-11188.0,-559400.0,-23.020576131687243,103.1640850380075,-3.542321116468078,-4.296867084257979,-5801.185185185185,-11538.0,485,-0.5027894942958212,-256.25,-282.0,885,1.8209876543209877,0.4632768361581921,58.68292682926829,-74.5200845665962,-12.64180790960452,0.6825919201089423,65.62598870056497,-137.0,7,12
HYBRID,"{""buffer_points"": 10, ""er_threshold"": 0.45, ""er_window"": 60, ""extreme_action"": ""close"", ""extreme_vol_quantile"": 0.95, ""extreme_vol_threshold"": 0.007302276055988706, ""forced_exit_time"": 162800, ""max_daily_loss"": 200, ""max_trades"": 3, ""min_std_threshold"": 5, ""opening_window"": 30, ""rolling_window"": 120, ""rv_window"": 120, ""stop_loss_points"": 80, ""take_profit_points"": 120, ""use_vwap"": true, ""z_entry"": 2.5, ""z_exit"": 0.25}",30,10,120,2.5,0.25,True,5,60,0.45,120,0.95,close,80,120,3,200,162800,0.007302276055988706,-11014.0,-550700.0,-22.662551440329217,101.1890815433158,-3.55529317615081,-4.303563212931724,-5710.962962962963,-11149.0,481,-0.512239928510446,-233.25,-278.15,887,1.8251028806584362,0.4588500563697858,59.5012285012285,-73.7050209205021,-12.417136414881623,0.6873775935965485,65.47914317925591,-137.0,7,12
HYBRID,"{""buffer_points"": 10, ""er_threshold"": 0.35, ""er_window"": 120, ""extreme_action"": ""block_only"", ""extreme_vol_quantile"": 0.95, ""extreme_vol_threshold"": 0.00545138283487605, ""forced_exit_time"": 162800, ""max_daily_loss"": 200, ""max_trades"": 3, ""min_std_threshold"": 5, ""opening_window"": 30, ""rolling_window"": 120, ""rv_window"": 60, ""stop_loss_points"": 80, ""take_profit_points"": 120, ""use_vwap"": true, ""z_entry"": 2.5, ""z_exit"": 0.25}",30,10,120,2.5,0.25,True,5,120,0.35,60,0.95,block_only,80,120,3,200,162800,0.00545138283487605,-11450.0,-572500.0,-23.559670781893004,104.63020566361786,-3.574476192458717,-4.418448679045458,-5937.037037037037,-11800.0,485,-0.5031387319522913,-244.5,-282.45,898,1.8477366255144032,0.4599109131403118,60.232445520581116,-75.20910973084887,-12.750556792873052,0.6847987667235589,65.24276169265033,-154.0,7,9
HYBRID,"{""buffer_points"": 10, ""er_threshold"": 0.45, ""er_window"": 120, ""extreme_action"": ""block_only"", ""extreme_vol_quantile"": 0.95, ""extreme_vol_threshold"": 0.007302276055988706, ""forced_exit_time"": 162800, ""max_daily_loss"": 200, ""max_trades"": 3, ""min_std_threshold"": 5, ""opening_window"": 30, ""rolling_window"": 120, ""rv_window"": 120, ""stop_loss_points"": 80, ""take_profit_points"": 120, ""use_vwap"": true, ""z_entry"": 2.5, ""z_exit"": 0.25}",30,10,120,2.5,0.25,True,5,120,0.45,120,0.95,block_only,80,120,3,200,162800,0.007302276055988706,-11299.0,-564950.0,-23.24897119341564,103.20352102286385,-3.5760986876942944,-4.313864909449714,-5858.740740740741,-11474.0,485,-0.5106101395102616,-256.25,-282.45,884,1.8189300411522633,0.4626696832579186,58.58924205378973,-74.54968287526427,-12.781674208144796,0.6795700754353128,65.59049773755656,-169.0,7,12
HYBRID,"{""buffer_points"": 10, ""er_threshold"": 0.45, ""er_window"": 120, ""extreme_action"": ""block_only"", ""extreme_vol_quantile"": 0.9, ""extreme_vol_threshold"": 0.00627186515335333, ""forced_exit_time"": 162800, ""max_daily_loss"": 200, ""max_trades"": 3, ""min_std_threshold"": 5, ""opening_window"": 30, ""rolling_window"": 120, ""rv_window"": 120, ""stop_loss_points"": 80, ""take_profit_points"": 120, ""use_vwap"": true, ""z_entry"": 2.5, ""z_exit"": 0.25}",30,10,120,2.5,0.25,True,5,120,0.45,120,0.9,block_only,80,120,3,200,162800,0.00627186515335333,-11327.0,-566350.0,-23.30658436213992,103.38600793612822,-3.578632778083362,-4.257898115966958,-5873.259259259259,-11507.0,485,-0.5104075136229477,-259.75,-285.15,865,1.7798353909465021,0.4601156069364162,57.58291457286432,-73.64516129032258,-13.094797687861272,0.6692363848737042,66.12832369942197,-169.0,7,12
HYBRID,"{""buffer_points"": 10, ""er_threshold"": 0.45, ""er_window"": 120, ""extreme_action"": ""block_only"", ""extreme_vol_quantile"": 0.95, ""extreme_vol_threshold"": 0.00545138283487605, ""forced_exit_time"": 162800, ""max_daily_loss"": 200, ""max_trades"": 3, ""min_std_threshold"": 5, ""opening_window"": 30, ""rolling_window"": 120, ""rv_window"": 60, ""stop_loss_points"": 80, ""take_profit_points"": 120, ""use_vwap"": true, ""z_entry"": 2.5, ""z_exit"": 0.25}",30,10,120,2.5,0.25,True,5,120,0.45,60,0.95,block_only,80,120,3,200,162800,0.00545138283487605,-11501.0,-575050.0,-23.66460905349794,104.32663151787979,-3.6008449339261626,-4.444699868617114,-5963.481481481481,-11676.0,485,-0.5107469579891641,-244.5,-282.45,897,1.845679012345679,0.4593088071348941,60.14320388349515,-75.11387163561076,-12.821627647714605,0.6829933847850055,65.20178372352285,-154.0,7,9
HYBRID,"{""buffer_points"": 10, ""er_threshold"": 0.45, ""er_window"": 120, ""extreme_action"": ""close"", ""extreme_vol_quantile"": 0.9, ""extreme_vol_threshold"": 0.00627186515335333, ""forced_exit_time"": 162800, ""max_daily_loss"": 200, ""max_trades"": 3, ""min_std_threshold"": 5, ""opening_window"": 30, ""rolling_window"": 120, ""rv_window"": 120, ""stop_loss_points"": 80, ""take_profit_points"": 120, ""use_vwap"": true, ""z_entry"": 2.5, ""z_exit"": 0.25}",30,10,120,2.5,0.25,True,5,120,0.45,120,0.9,close,80,120,3,200,162800,0.00627186515335333,-11279.0,-563950.0,-23.207818930041153,102.29379570516093,-3.6015156308062277,-4.337251689544845,-5848.37037037037,-11483.0,480,-0.5093068336123286,-249.5,-282.45,875,1.800411522633745,0.464,55.73891625615764,-72.61027837259101,-12.890285714285714,0.6673744433631189,64.84228571428571,-137.0,7,12
HYBRID,"{""buffer_points"": 10, ""er_threshold"": 0.35, ""er_window"": 120, ""extreme_action"": ""close"", ""extreme_vol_quantile"": 0.9, ""extreme_vol_threshold"": 0.00627186515335333, ""forced_exit_time"": 162800, ""max_daily_loss"": 200, ""max_trades"": 3, ""min_std_threshold"": 5, ""opening_window"": 30, ""rolling_window"": 120, ""rv_window"": 120, ""stop_loss_points"": 80, ""take_profit_points"": 120, ""use_vwap"": true, ""z_entry"": 2.5, ""z_exit"": 0.25}",30,10,120,2.5,0.25,True,5,120,0.35,120,0.9,close,80,120,3,200,162800,0.00627186515335333,-11398.0,-569900.0,-23.45267489711934,103.22848655351461,-3.6065594350174557,-4.331444322826254,-5910.074074074074,-11753.0,485,-0.5028566386517548,-253.0,-282.45,876,1.8024691358024691,0.4634703196347032,55.73891625615764,-72.7094017094017,-13.011415525114156,0.6650405548371929,64.87785388127854,-137.0,7,12
HYBRID,"{""buffer_points"": 10, ""er_threshold"": 0.35, ""er_window"": 120, ""extreme_action"": ""close"", ""extreme_vol_quantile"": 0.95, ""extreme_vol_threshold"": 0.007302276055988706, ""forced_exit_time"": 162800, ""max_daily_loss"": 200, ""max_trades"": 3, ""min_std_threshold"": 5, ""opening_window"": 30, ""rolling_window"": 120, ""rv_window"": 120, ""stop_loss_points"": 80, ""take_profit_points"": 120, ""use_vwap"": true, ""z_entry"": 2.5, ""z_exit"": 0.25}",30,10,120,2.5,0.25,True,5,120,0.35,120,0.95,close,80,120,3,200,162800,0.007302276055988706,-11475.0,-573750.0,-23.61111111111111,103.28440865960816,-3.628957883689409,-4.412993219942347,-5950.0,-11825.0,485,-0.5031712473572939,-256.25,-282.0,885,1.8209876543209877,0.4598870056497175,58.08353808353808,-73.77100840336135,-12.966101694915254,0.6732165741136267,65.30734463276836,-137.0,7,12
HYBRID,"{""buffer_points"": 10, ""er_threshold"": 0.45, ""er_window"": 120, ""extreme_action"": ""close"", ""extreme_vol_quantile"": 0.95, ""extreme_vol_threshold"": 0.007302276055988706, ""forced_exit_time"": 162800, ""max_daily_loss"": 200, ""max_trades"": 3, ""min_std_threshold"": 5, ""opening_window"": 30, ""rolling_window"": 120, ""rv_window"": 120, ""stop_loss_points"": 80, ""take_profit_points"": 120, ""use_vwap"": true, ""z_entry"": 2.5, ""z_exit"": 0.25}",30,10,120,2.5,0.25,True,5,120,0.45,120,0.95,close,80,120,3,200,162800,0.007302276055988706,-11418.0,-570900.0,-23.493827160493826,102.53387151170244,-3.6373633275735866,-4.433163948374668,-5920.444444444444,-11593.0,485,-0.51069131755753,-244.5,-279.45,884,1.8189300411522633,0.4592760180995475,57.98768472906404,-73.44747899159664,-12.916289592760181,0.6734075112267955,65.26923076923077,-137.0,7,12
HYBRID,"{""buffer_points"": 10, ""er_threshold"": 0.35, ""er_window"": 120, ""extreme_action"": ""close"", ""extreme_vol_quantile"": 0.9, ""extreme_vol_threshold"": 0.004687504506028113, ""forced_exit_time"": 162800, ""max_daily_loss"": 200, ""max_trades"": 3, ""min_std_threshold"": 5, ""opening_window"": 30, ""rolling_window"": 120, ""rv_window"": 60, ""stop_loss_points"": 80, ""take_profit_points"": 120, ""use_vwap"": true, ""z_entry"": 2.5, ""z_exit"": 0.25}",30,10,120,2.5,0.25,True,5,120,0.35,60,0.9,close,80,120,3,200,162800,0.004687504506028113,-11269.0,-563450.0,-23.18724279835391,101.10280529728196,-3.6407107312204587,-4.4096888038703,-5843.185185185185,-11720.0,485,-0.4985652888383264,-222.25,-280.3,893,1.837448559670782,0.46136618141097424,57.609223300970875,-73.23012552301255,-12.61926091825308,0.6780653639584048,64.51175811870101,-137.0,7,12
HYBRID,"{""buffer_points"": 10, ""er_threshold"": 0.35, ""er_window"": 120, ""extreme_action"": ""close"", ""extreme_vol_quantile"": 0.95, ""extreme_vol_threshold"": 0.00545138283487605, ""forced_exit_time"": 162800, ""max_daily_loss"": 200, ""max_trades"": 3, ""min_std_threshold"": 5, ""opening_window"": 30, ""rolling_window"": 120, ""rv_window"": 60, ""stop_loss_points"": 80, ""take_profit_points"": 120, ""use_vwap"": true, ""z_entry"": 2.5, ""z_exit"": 0.25}",30,10,120,2.5,0.25,True,5,120,0.35,60,0.95,close,80,120,3,200,162800,0.00545138283487605,-11610.0,-580500.0,-23.88888888888889,103.90604399832309,-3.6496852347881217,-4.474236876235354,-6020.0,-11960.0,485,-0.5033444816053512,-256.25,-285.45,901,1.853909465020576,0.4583795782463929,59.077481840193705,-74.0925925925926,-12.885682574916759,0.6775806048487878,64.89123196448391,-137.0,7,13
HYBRID,"{""buffer_points"": 10, ""er_threshold"": 0.35, ""er_window"": 120, ""extreme_action"": ""block_only"", ""extreme_vol_quantile"": 0.9, ""extreme_vol_threshold"": 0.004687504506028113, ""forced_exit_time"": 162800, ""max_daily_loss"": 200, ""max_trades"": 3, ""min_std_threshold"": 5, ""opening_window"": 30, ""rolling_window"": 120, ""rv_window"": 60, ""stop_loss_points"": 80, ""take_profit_points"": 120, ""use_vwap"": true, ""z_entry"": 2.5, ""z_exit"": 0.25}",30,10,120,2.5,0.25,True,5,120,0.35,60,0.9,block_only,80,120,3,200,162800,0.004687504506028113,-11520.0,-576000.0,-23.703703703703702,102.79615835147398,-3.6604931248539065,-4.474418577969384,-5973.333333333333,-11864.0,485,-0.5034839289728028,-233.25,-282.45,889,1.8292181069958848,0.45894263217097864,59.07107843137255,-74.36534446764092,-12.958380202474691,0.6765952668369782,65.40832395950507,-137.0,7,12
HYBRID,"{""buffer_points"": 10, ""er_threshold"": 0.45, ""er_window"": 120, ""extreme_action"": ""close"", ""extreme_vol_quantile"": 0.9, ""extreme_vol_threshold"": 0.004687504506028113, ""forced_exit_time"": 162800, ""max_daily_loss"": 200, ""max_trades"": 3, ""min_std_threshold"": 5, ""opening_window"": 30, ""rolling_window"": 120, ""rv_window"": 60, ""stop_loss_points"": 80, ""take_profit_points"": 120, ""use_vwap"": true, ""z_entry"": 2.5, ""z_exit"": 0.25}",30,10,120,2.5,0.25,True,5,120,0.45,60,0.9,close,80,120,3,200,162800,0.004687504506028113,-11320.0,-566000.0,-23.292181069958847,100.78899578176699,-3.6685742203542615,-4.4368265157202655,-5869.62962962963,-11596.0,485,-0.5061770981053492,-222.25,-280.3,892,1.8353909465020577,0.460762331838565,57.51338199513382,-73.13389121338912,-12.690582959641256,0.6761828479890154,64.46973094170404,-137.0,7,12
HYBRID,"{""buffer_points"": 10, ""er_threshold"": 0.45, ""er_window"": 120, ""extreme_action"": ""close"", ""extreme_vol_quantile"": 0.95, ""extreme_vol_threshold"": 0.00545138283487605, ""forced_exit_time"": 162800, ""max_daily_loss"": 200, ""max_trades"": 3, ""min_std_threshold"": 5, ""opening_window"": 30, ""rolling_window"": 120, ""rv_window"": 60, ""stop_loss_points"": 80, ""take_profit_points"": 120, ""use_vwap"": true, ""z_entry"": 2.5, ""z_exit"": 0.25}",30,10,120,2.5,0.25,True,5,120,0.45,60,0.95,close,80,120,3,200,162800,0.00545138283487605,-11661.0,-583050.0,-23.993827160493826,103.60001374717777,-3.6765458249215572,-4.500913762410552,-6046.444444444444,-11836.0,485,-0.5108520145694867,-256.25,-285.45,900,1.8518518518518519,0.4577777777777778,58.98543689320388,-73.99794238683127,-12.956666666666667,0.6757500764674804,64.85,-137.0,7,13
HYBRID,"{""buffer_points"": 10, ""er_threshold"": 0.45, ""er_window"": 120, ""extreme_action"": ""block_only"", ""extreme_vol_quantile"": 0.9, ""extreme_vol_threshold"": 0.004687504506028113, ""forced_exit_time"": 162800, ""max_daily_loss"": 200, ""max_trades"": 3, ""min_std_threshold"": 5, ""opening_window"": 30, ""rolling_window"": 120, ""rv_window"": 60, ""stop_loss_points"": 80, ""take_profit_points"": 120, ""use_vwap"": true, ""z_entry"": 2.5, ""z_exit"": 0.25}",30,10,120,2.5,0.25,True,5,120,0.45,60,0.9,block_only,80,120,3,200,162800,0.004687504506028113,-11571.0,-578550.0,-23.808641975308642,102.48700399083754,-3.687789276763627,-4.501170188742669,-5999.777777777778,-11740.0,485,-0.5110543251940186,-233.25,-282.45,888,1.8271604938271604,0.4583333333333333,58.977886977886975,-74.26931106471817,-13.030405405405405,0.6747434996486297,65.36711711711712,-137.0,7,12
