split,strategy,date,entry_time,exit_time,entry_datetime,exit_datetime,entry_price,exit_price,direction,pnl_points,pnl_hkd,holding_bars,exit_reason,strategy_at_entry,regime_at_entry
train,ORB_FILTERED_HYBRID_BASIC,20170704,112700,115500,2017-07-04 11:27:00,2017-07-04 11:55:00,25585.0,25414.0,-1,169.0,8450.0,28,take_profit,ORB_FILTERED,TREND
train,ORB_FILTERED_HYBRID_BASIC,20170705,104600,131300,2017-07-05 10:46:00,2017-07-05 13:13:00,25336.0,25471.0,1,133.0,6650.0,87,take_profit,ORB_FILTERED,TREND
train,ORB_FILTERED_HYBRID_BASIC,20170705,162600,162900,2017-07-05 16:26:00,2017-07-05 16:29:00,25466.0,25457.0,1,-11.0,-550.0,3,session_end,ORB_FILTERED,TREND
train,ORB_FILTERED_HYBRID_BASIC,20170710,103100,162900,2017-07-10 10:31:00,2017-07-10 16:29:00,25571.0,25509.0,1,-64.0,-3200.0,298,session_end,ORB_FILTERED,TREND
train,ORB_FILTERED_HYBRID_BASIC,20170711,101900,131900,2017-07-11 10:19:00,2017-07-11 13:19:00,25722.0,25849.0,1,125.0,6250.0,120,take_profit,ORB_FILTERED,TREND
train,ORB_FILTERED_HYBRID_BASIC,20170711,132000,162900,2017-07-11 13:20:00,2017-07-11 16:29:00,25862.0,25953.0,1,89.0,4450.0,189,session_end,ORB_FILTERED,TREND
train,ORB_FILTERED_HYBRID_BASIC,20170718,162200,162900,2017-07-18 16:22:00,2017-07-18 16:29:00,26553.0,26544.0,1,-11.0,-550.0,7,session_end,ORB_FILTERED,TREND
train,ORB_FILTERED_HYBRID_BASIC,20170724,101800,162900,2017-07-24 10:18:00,2017-07-24 16:29:00,26894.0,26875.0,1,-21.0,-1050.0,311,session_end,ORB_FILTERED,TREND
train,ORB_FILTERED_HYBRID_BASIC,20170727,131500,162900,2017-07-27 13:15:00,2017-07-27 16:29:00,27064.0,27126.0,1,60.0,3000.0,194,session_end,ORB_FILTERED,TREND
train,ORB_FILTERED_HYBRID_BASIC,20170731,150100,162900,2017-07-31 15:01:00,2017-07-31 16:29:00,27223.0,27220.0,1,-5.0,-250.0,88,session_end,ORB_FILTERED,TREND
train,ORB_FILTERED_HYBRID_BASIC,20170802,130300,152000,2017-08-02 13:03:00,2017-08-02 15:20:00,27622.0,27533.0,1,-91.0,-4550.0,137,stop_loss,ORB_FILTERED,TREND
train,ORB_FILTERED_HYBRID_BASIC,20170808,132200,162900,2017-08-08 13:22:00,2017-08-08 16:29:00,27738.0,27792.0,1,52.0,2600.0,187,session_end,ORB_FILTERED,TREND
train,ORB_FILTERED_HYBRID_BASIC,20170809,114600,133700,2017-08-09 11:46:00,2017-08-09 13:37:00,27557.0,27642.0,-1,-87.0,-4350.0,51,stop_loss,ORB_FILTERED,TREND
train,ORB_FILTERED_HYBRID_BASIC,20170810,101500,102700,2017-08-10 10:15:00,2017-08-10 10:27:00,27536.0,27373.0,-1,161.0,8050.0,12,take_profit,ORB_FILTERED,TREND
train,ORB_FILTERED_HYBRID_BASIC,20170810,102800,110000,2017-08-10 10:28:00,2017-08-10 11:00:00,27354.0,27240.0,-1,112.0,5600.0,32,regime_extreme,ORB_FILTERED,TREND
train,ORB_FILTERED_HYBRID_BASIC,20170815,154700,162900,2017-08-15 15:47:00,2017-08-15 16:29:00,27143.0,27129.0,-1,12.0,600.0,42,session_end,ORB_FILTERED,TREND
train,ORB_FILTERED_HYBRID_BASIC,20170816,115400,162900,2017-08-16 11:54:00,2017-08-16 16:29:00,27300.0,27373.0,1,71.0,3550.0,215,session_end,ORB_FILTERED,TREND
train,ORB_FILTERED_HYBRID_BASIC,20170818,113600,150100,2017-08-18 11:36:00,2017-08-18 15:01:00,27162.0,27079.0,1,-85.0,-4250.0,145,stop_loss,ORB_FILTERED,TREND
train,ORB_FILTERED_HYBRID_BASIC,20170825,102700,130800,2017-08-25 10:27:00,2017-08-25 13:08:00,27637.0,27762.0,1,123.0,6150.0,101,take_profit,ORB_FILTERED,TREND
train,ORB_FILTERED_HYBRID_BASIC,20170825,131800,162900,2017-08-25 13:18:00,2017-08-25 16:29:00,27794.0,27906.0,1,110.0,5500.0,191,session_end,ORB_FILTERED,TREND
train,ORB_FILTERED_HYBRID_BASIC,20170830,141600,162900,2017-08-30 14:16:00,2017-08-30 16:29:00,27937.0,27975.0,1,36.0,1800.0,133,session_end,ORB_FILTERED,TREND
train,ORB_FILTERED_HYBRID_BASIC,20170904,142200,154200,2017-09-04 14:22:00,2017-09-04 15:42:00,27633.0,27716.0,-1,-85.0,-4250.0,80,stop_loss,ORB_FILTERED,TREND
train,ORB_FILTERED_HYBRID_BASIC,20170907,131000,162900,2017-09-07 13:10:00,2017-09-07 16:29:00,27525.0,27492.0,-1,31.0,1550.0,199,session_end,ORB_FILTERED,TREND
train,ORB_FILTERED_HYBRID_BASIC,20170913,101600,102600,2017-09-13 10:16:00,2017-09-13 10:26:00,27716.0,27799.0,-1,-85.0,-4250.0,10,stop_loss,ORB_FILTERED,TREND
train,ORB_FILTERED_HYBRID_BASIC,20170915,114700,162900,2017-09-15 11:47:00,2017-09-15 16:29:00,27792.0,27786.0,1,-8.0,-400.0,222,session_end,ORB_FILTERED,TREND
train,ORB_FILTERED_HYBRID_BASIC,20170922,162600,162900,2017-09-22 16:26:00,2017-09-22 16:29:00,27775.0,27803.0,-1,-30.0,-1500.0,3,session_end,ORB_FILTERED,TREND
train,ORB_FILTERED_HYBRID_BASIC,20170926,102300,132200,2017-09-26 10:23:00,2017-09-26 13:22:00,27539.0,27456.0,1,-85.0,-4250.0,119,stop_loss,ORB_FILTERED,TREND
train,ORB_FILTERED_HYBRID_BASIC,20170928,152800,161200,2017-09-28 15:28:00,2017-09-28 16:12:00,27470.0,27350.0,-1,118.0,5900.0,44,take_profit,ORB_FILTERED,TREND
train,ORB_FILTERED_HYBRID_BASIC,20170928,161300,162900,2017-09-28 16:13:00,2017-09-28 16:29:00,27348.0,27298.0,-1,48.0,2400.0,16,session_end,ORB_FILTERED,TREND
train,ORB_FILTERED_HYBRID_BASIC,20171003,104500,153200,2017-10-03 10:45:00,2017-10-03 15:32:00,27971.0,28089.0,1,116.0,5800.0,227,take_profit,ORB_FILTERED,TREND
train,ORB_FILTERED_HYBRID_BASIC,20171010,133300,162900,2017-10-10 13:33:00,2017-10-10 16:29:00,28401.0,28447.0,1,44.0,2200.0,176,session_end,ORB_FILTERED,TREND
train,ORB_FILTERED_HYBRID_BASIC,20171011,154600,162900,2017-10-11 15:46:00,2017-10-11 16:29:00,28349.0,28325.0,-1,22.0,1100.0,43,session_end,ORB_FILTERED,TREND
train,ORB_FILTERED_HYBRID_BASIC,20171012,130900,160200,2017-10-12 13:09:00,2017-10-12 16:02:00,28523.0,28440.0,1,-85.0,-4250.0,173,stop_loss,ORB_FILTERED,TREND
train,ORB_FILTERED_HYBRID_BASIC,20171016,103300,145100,2017-10-16 10:33:00,2017-10-16 14:51:00,28804.0,28721.0,1,-85.0,-4250.0,198,stop_loss,ORB_FILTERED,TREND
train,ORB_FILTERED_HYBRID_BASIC,20171019,143900,151000,2017-10-19 14:39:00,2017-10-19 15:10:00,28524.0,28368.0,-1,154.0,7700.0,31,take_profit,ORB_FILTERED,TREND
train,ORB_FILTERED_HYBRID_BASIC,20171019,151100,152300,2017-10-19 15:11:00,2017-10-19 15:23:00,28384.0,28259.0,-1,123.0,6150.0,12,take_profit,ORB_FILTERED,TREND
train,ORB_FILTERED_HYBRID_BASIC,20171019,152400,152600,2017-10-19 15:24:00,2017-10-19 15:26:00,28236.0,28124.0,-1,110.0,5500.0,2,regime_extreme,ORB_FILTERED,TREND
train,ORB_FILTERED_HYBRID_BASIC,20171020,115400,162900,2017-10-20 11:54:00,2017-10-20 16:29:00,28459.0,28422.0,1,-39.0,-1950.0,215,session_end,ORB_FILTERED,TREND
train,ORB_FILTERED_HYBRID_BASIC,20171024,135500,162900,2017-10-24 13:55:00,2017-10-24 16:29:00,28169.0,28160.0,-1,7.0,350.0,154,session_end,ORB_FILTERED,TREND
train,ORB_FILTERED_HYBRID_BASIC,20171025,131600,152700,2017-10-25 13:16:00,2017-10-25 15:27:00,28207.0,28289.0,-1,-84.0,-4200.0,131,stop_loss,ORB_FILTERED,TREND
train,ORB_FILTERED_HYBRID_BASIC,20171031,151700,161100,2017-10-31 15:17:00,2017-10-31 16:11:00,28332.0,28218.0,1,-116.0,-5800.0,54,stop_loss,ORB_FILTERED,TREND
train,ORB_FILTERED_HYBRID_BASIC,20171101,135200,154600,2017-11-01 13:52:00,2017-11-01 15:46:00,28473.0,28596.0,1,121.0,6050.0,114,take_profit,ORB_FILTERED,TREND
train,ORB_FILTERED_HYBRID_BASIC,20171101,154700,162900,2017-11-01 15:47:00,2017-11-01 16:29:00,28599.0,28572.0,1,-29.0,-1450.0,42,session_end,ORB_FILTERED,TREND
train,ORB_FILTERED_HYBRID_BASIC,20171106,152700,162900,2017-11-06 15:27:00,2017-11-06 16:29:00,28621.0,28611.0,1,-12.0,-600.0,62,session_end,ORB_FILTERED,TREND
train,ORB_FILTERED_HYBRID_BASIC,20171121,115600,142200,2017-11-21 11:56:00,2017-11-21 14:22:00,29621.0,29530.0,1,-93.0,-4650.0,86,stop_loss,ORB_FILTERED,TREND
train,ORB_FILTERED_HYBRID_BASIC,20171121,153800,161700,2017-11-21 15:38:00,2017-11-21 16:17:00,29692.0,29810.0,1,116.0,5800.0,39,take_profit,ORB_FILTERED,TREND
train,ORB_FILTERED_HYBRID_BASIC,20171121,161800,162900,2017-11-21 16:18:00,2017-11-21 16:29:00,29822.0,29832.0,1,8.0,400.0,11,session_end,ORB_FILTERED,TREND
train,ORB_FILTERED_HYBRID_BASIC,20171123,145000,153600,2017-11-23 14:50:00,2017-11-23 15:36:00,29859.0,29721.0,-1,136.0,6800.0,46,take_profit,ORB_FILTERED,TREND
train,ORB_FILTERED_HYBRID_BASIC,20171123,153800,161700,2017-11-23 15:38:00,2017-11-23 16:17:00,29709.0,29801.0,-1,-94.0,-4700.0,39,stop_loss,ORB_FILTERED,TREND
train,ORB_FILTERED_HYBRID_BASIC,20171128,115900,134600,2017-11-28 11:59:00,2017-11-28 13:46:00,29434.0,29529.0,-1,-97.0,-4850.0,47,stop_loss,ORB_FILTERED,TREND
train,ORB_FILTERED_HYBRID_BASIC,20171204,113100,133500,2017-12-04 11:31:00,2017-12-04 13:35:00,29333.0,29241.0,1,-94.0,-4700.0,64,stop_loss,ORB_FILTERED,TREND
train,ORB_FILTERED_HYBRID_BASIC,20171206,104600,110000,2017-12-06 10:46:00,2017-12-06 11:00:00,28674.0,28547.0,-1,125.0,6250.0,14,take_profit,ORB_FILTERED,TREND
train,ORB_FILTERED_HYBRID_BASIC,20171206,110100,110300,2017-12-06 11:01:00,2017-12-06 11:03:00,28543.0,28420.0,-1,121.0,6050.0,2,take_profit,ORB_FILTERED,TREND
train,ORB_FILTERED_HYBRID_BASIC,20171206,110400,110700,2017-12-06 11:04:00,2017-12-06 11:07:00,28456.0,28519.0,-1,-65.0,-3250.0,3,regime_extreme,ORB_FILTERED,TREND
train,ORB_FILTERED_HYBRID_BASIC,20171212,113300,140300,2017-12-12 11:33:00,2017-12-12 14:03:00,28787.0,28871.0,-1,-86.0,-4300.0,90,stop_loss,ORB_FILTERED,TREND
train,ORB_FILTERED_HYBRID_BASIC,20171213,133100,134000,2017-12-13 13:31:00,2017-12-13 13:40:00,28990.0,29128.0,1,136.0,6800.0,9,take_profit,ORB_FILTERED,TREND
train,ORB_FILTERED_HYBRID_BASIC,20171213,134100,142200,2017-12-13 13:41:00,2017-12-13 14:22:00,29120.0,29238.0,1,116.0,5800.0,41,take_profit,ORB_FILTERED,TREND
train,ORB_FILTERED_HYBRID_BASIC,20171213,142300,162900,2017-12-13 14:23:00,2017-12-13 16:29:00,29236.0,29222.0,1,-16.0,-800.0,126,session_end,ORB_FILTERED,TREND
train,ORB_FILTERED_HYBRID_BASIC,20171214,134000,143700,2017-12-14 13:40:00,2017-12-14 14:37:00,29068.0,29159.0,-1,-93.0,-4650.0,57,stop_loss,ORB_FILTERED,TREND
train,ORB_FILTERED_HYBRID_BASIC,20171221,111000,162900,2017-12-21 11:10:00,2017-12-21 16:29:00,29377.0,29356.0,1,-23.0,-1150.0,259,session_end,ORB_FILTERED,TREND
train,ORB_FILTERED_HYBRID_BASIC,20171222,154600,162900,2017-12-22 15:46:00,2017-12-22 16:29:00,29579.0,29603.0,1,22.0,1100.0,43,session_end,ORB_FILTERED,TREND
train,ORB_FILTERED_HYBRID_BASIC,20171228,105100,162900,2017-12-28 10:51:00,2017-12-28 16:29:00,29854.0,29941.0,1,85.0,4250.0,278,session_end,ORB_FILTERED,TREND
train,ORB_FILTERED_HYBRID_BASIC,20180102,101500,101700,2018-01-02 10:15:00,2018-01-02 10:17:00,30381.0,30426.0,1,43.0,2150.0,2,regime_extreme,ORB_FILTERED,TREND
train,ORB_FILTERED_HYBRID_BASIC,20180110,113200,133300,2018-01-10 11:32:00,2018-01-10 13:33:00,31152.0,31059.0,1,-95.0,-4750.0,61,stop_loss,ORB_FILTERED,TREND
train,ORB_FILTERED_HYBRID_BASIC,20180115,144200,150100,2018-01-15 14:42:00,2018-01-15 15:01:00,31567.0,31401.0,-1,164.0,8200.0,19,take_profit,ORB_FILTERED,TREND
train,ORB_FILTERED_HYBRID_BASIC,20180115,150200,162900,2018-01-15 15:02:00,2018-01-15 16:29:00,31379.0,31315.0,-1,62.0,3100.0,87,session_end,ORB_FILTERED,TREND
train,ORB_FILTERED_HYBRID_BASIC,20180116,114500,131800,2018-01-16 11:45:00,2018-01-16 13:18:00,31749.0,31665.0,1,-86.0,-4300.0,33,stop_loss,ORB_FILTERED,TREND
train,ORB_FILTERED_HYBRID_BASIC,20180116,161500,162900,2018-01-16 16:15:00,2018-01-16 16:29:00,31946.0,31914.0,1,-34.0,-1700.0,14,session_end,ORB_FILTERED,TREND
train,ORB_FILTERED_HYBRID_BASIC,20180117,162000,162900,2018-01-17 16:20:00,2018-01-17 16:29:00,31979.0,31965.0,1,-16.0,-800.0,9,session_end,ORB_FILTERED,TREND
train,ORB_FILTERED_HYBRID_BASIC,20180118,150700,162900,2018-01-18 15:07:00,2018-01-18 16:29:00,32089.0,32062.0,-1,25.0,1250.0,82,session_end,ORB_FILTERED,TREND
train,ORB_FILTERED_HYBRID_BASIC,20180119,160600,162900,2018-01-19 16:06:00,2018-01-19 16:29:00,32212.0,32237.0,1,23.0,1150.0,23,session_end,ORB_FILTERED,TREND
train,ORB_FILTERED_HYBRID_BASIC,20180122,140000,162900,2018-01-22 14:00:00,2018-01-22 16:29:00,32359.0,32349.0,1,-12.0,-600.0,149,session_end,ORB_FILTERED,TREND
train,ORB_FILTERED_HYBRID_BASIC,20180125,151800,152700,2018-01-25 15:18:00,2018-01-25 15:27:00,32680.0,32766.0,-1,-88.0,-4400.0,9,stop_loss,ORB_FILTERED,TREND
train,ORB_FILTERED_HYBRID_BASIC,20180126,113600,142700,2018-01-26 11:36:00,2018-01-26 14:27:00,33042.0,33168.0,1,124.0,6200.0,111,take_profit,ORB_FILTERED,TREND
train,ORB_FILTERED_HYBRID_BASIC,20180129,111600,113300,2018-01-29 11:16:00,2018-01-29 11:33:00,33144.0,33021.0,-1,121.0,6050.0,17,take_profit,ORB_FILTERED,TREND
train,ORB_FILTERED_HYBRID_BASIC,20180129,113400,114000,2018-01-29 11:34:00,2018-01-29 11:40:00,32968.0,33080.0,-1,-114.0,-5700.0,6,stop_loss,ORB_FILTERED,TREND
train,ORB_FILTERED_HYBRID_BASIC,20180130,114200,130300,2018-01-30 11:42:00,2018-01-30 13:03:00,32672.0,32548.0,-1,122.0,6100.0,21,take_profit,ORB_FILTERED,TREND
train,ORB_FILTERED_HYBRID_BASIC,20180130,130400,131300,2018-01-30 13:04:00,2018-01-30 13:13:00,32546.0,32552.0,-1,-8.0,-400.0,9,regime_extreme,ORB_FILTERED,TREND
train,ORB_FILTERED_HYBRID_BASIC,20180131,113300,131300,2018-01-31 11:33:00,2018-01-31 13:13:00,32702.0,32620.0,1,-84.0,-4200.0,40,stop_loss,ORB_FILTERED,TREND
train,ORB_FILTERED_HYBRID_BASIC,20180205,131600,152200,2018-02-05 13:16:00,2018-02-05 15:22:00,32154.0,32287.0,1,131.0,6550.0,126,take_profit,ORB_FILTERED,TREND
train,ORB_FILTERED_HYBRID_BASIC,20180205,162200,162900,2018-02-05 16:22:00,2018-02-05 16:29:00,32077.0,32044.0,1,-35.0,-1750.0,7,session_end,ORB_FILTERED,TREND
train,ORB_FILTERED_HYBRID_BASIC,20180207,105900,111000,2018-02-07 10:59:00,2018-02-07 11:10:00,30955.0,30966.0,-1,-13.0,-650.0,11,regime_extreme,ORB_FILTERED,TREND
train,ORB_FILTERED_HYBRID_BASIC,20180207,162700,162900,2018-02-07 16:27:00,2018-02-07 16:29:00,30135.0,30159.0,-1,-26.0,-1300.0,2,session_end,ORB_FILTERED,TREND
train,ORB_FILTERED_HYBRID_BASIC,20180212,160600,162900,2018-02-12 16:06:00,2018-02-12 16:29:00,29343.0,29424.0,-1,-83.0,-4150.0,23,session_end,ORB_FILTERED,TREND
train,ORB_FILTERED_HYBRID_BASIC,20180214,153900,160100,2018-02-14 15:39:00,2018-02-14 16:01:00,30508.0,30426.0,1,-84.0,-4200.0,22,stop_loss,ORB_FILTERED,TREND
train,ORB_FILTERED_HYBRID_BASIC,20180220,154800,162900,2018-02-20 15:48:00,2018-02-20 16:29:00,30749.0,30757.0,-1,-10.0,-500.0,41,session_end,ORB_FILTERED,TREND
train,ORB_FILTERED_HYBRID_BASIC,20180221,142500,155100,2018-02-21 14:25:00,2018-02-21 15:51:00,31256.0,31382.0,1,124.0,6200.0,86,take_profit,ORB_FILTERED,TREND
train,ORB_FILTERED_HYBRID_BASIC,20180223,113900,114900,2018-02-23 11:39:00,2018-02-23 11:49:00,31118.0,31202.0,-1,-86.0,-4300.0,10,stop_loss,ORB_FILTERED,TREND
train,ORB_FILTERED_HYBRID_BASIC,20180301,150600,154800,2018-03-01 15:06:00,2018-03-01 15:48:00,30906.0,31029.0,1,121.0,6050.0,42,take_profit,ORB_FILTERED,TREND
train,ORB_FILTERED_HYBRID_BASIC,20180305,152700,160100,2018-03-05 15:27:00,2018-03-05 16:01:00,29883.0,29862.0,-1,19.0,950.0,34,regime_extreme,ORB_FILTERED,TREND
train,ORB_FILTERED_HYBRID_BASIC,20180306,150200,151000,2018-03-06 15:02:00,2018-03-06 15:10:00,30591.0,30504.0,1,-89.0,-4450.0,8,stop_loss,ORB_FILTERED,TREND
train,ORB_FILTERED_HYBRID_BASIC,20180308,144800,162900,2018-03-08 14:48:00,2018-03-08 16:29:00,30710.0,30648.0,1,-64.0,-3200.0,101,session_end,ORB_FILTERED,TREND
train,ORB_FILTERED_HYBRID_BASIC,20180314,154600,162900,2018-03-14 15:46:00,2018-03-14 16:29:00,31372.0,31447.0,1,73.0,3650.0,43,session_end,ORB_FILTERED,TREND
train,ORB_FILTERED_HYBRID_BASIC,20180315,102800,105400,2018-03-15 10:28:00,2018-03-15 10:54:00,31377.0,31518.0,1,139.0,6950.0,26,take_profit,ORB_FILTERED,TREND
train,ORB_FILTERED_HYBRID_BASIC,20180315,105500,111600,2018-03-15 10:55:00,2018-03-15 11:16:00,31532.0,31443.0,1,-91.0,-4550.0,21,stop_loss,ORB_FILTERED,TREND
train,ORB_FILTERED_HYBRID_BASIC,20180319,103300,130100,2018-03-19 10:33:00,2018-03-19 13:01:00,31588.0,31506.0,1,-84.0,-4200.0,88,stop_loss,ORB_FILTERED,TREND
train,ORB_FILTERED_HYBRID_BASIC,20180320,141000,162900,2018-03-20 14:10:00,2018-03-20 16:29:00,31541.0,31549.0,1,6.0,300.0,139,session_end,ORB_FILTERED,TREND
train,ORB_FILTERED_HYBRID_BASIC,20180321,143300,144700,2018-03-21 14:33:00,2018-03-21 14:47:00,31655.0,31527.0,-1,126.0,6300.0,14,take_profit,ORB_FILTERED,TREND
train,ORB_FILTERED_HYBRID_BASIC,20180321,144800,145600,2018-03-21 14:48:00,2018-03-21 14:56:00,31552.0,31640.0,-1,-90.0,-4500.0,8,stop_loss,ORB_FILTERED,TREND
train,ORB_FILTERED_HYBRID_BASIC,20180321,150400,152000,2018-03-21 15:04:00,2018-03-21 15:20:00,31580.0,31558.0,-1,20.0,1000.0,16,regime_extreme,ORB_FILTERED,TREND
train,ORB_FILTERED_HYBRID_BASIC,20180322,103700,103800,2018-03-22 10:37:00,2018-03-22 10:38:00,31260.0,31328.0,-1,-70.0,-3500.0,1,regime_extreme,ORB_FILTERED,TREND
train,ORB_FILTERED_HYBRID_BASIC,20180322,104400,104800,2018-03-22 10:44:00,2018-03-22 10:48:00,31292.0,31194.0,-1,96.0,4800.0,4,regime_extreme,ORB_FILTERED,TREND
train,ORB_FILTERED_HYBRID_BASIC,20180322,144200,154500,2018-03-22 14:42:00,2018-03-22 15:45:00,31187.0,31053.0,-1,132.0,6600.0,63,take_profit,ORB_FILTERED,TREND
train,ORB_FILTERED_HYBRID_BASIC,20180326,145900,154200,2018-03-26 14:59:00,2018-03-26 15:42:00,30345.0,30486.0,1,139.0,6950.0,43,take_profit,ORB_FILTERED,TREND
train,ORB_FILTERED_HYBRID_BASIC,20180328,155100,162900,2018-03-28 15:51:00,2018-03-28 16:29:00,29988.0,29958.0,-1,28.0,1400.0,38,session_end,ORB_FILTERED,TREND
train,ORB_FILTERED_HYBRID_BASIC,20180403,142200,150200,2018-04-03 14:22:00,2018-04-03 15:02:00,30046.0,30172.0,1,124.0,6200.0,40,take_profit,ORB_FILTERED,TREND
train,ORB_FILTERED_HYBRID_BASIC,20180403,150300,162200,2018-04-03 15:03:00,2018-04-03 16:22:00,30225.0,30140.0,1,-87.0,-4350.0,79,stop_loss,ORB_FILTERED,TREND
train,ORB_FILTERED_HYBRID_BASIC,20180404,142600,150800,2018-04-04 14:26:00,2018-04-04 15:08:00,29879.0,29740.0,-1,137.0,6850.0,42,take_profit,ORB_FILTERED,TREND
train,ORB_FILTERED_HYBRID_BASIC,20180404,160200,161000,2018-04-04 16:02:00,2018-04-04 16:10:00,29469.0,29369.0,-1,98.0,4900.0,8,regime_extreme,ORB_FILTERED,TREND
train,ORB_FILTERED_HYBRID_BASIC,20180404,161800,162900,2018-04-04 16:18:00,2018-04-04 16:29:00,29398.0,29417.0,-1,-21.0,-1050.0,11,session_end,ORB_FILTERED,TREND
train,ORB_FILTERED_HYBRID_BASIC,20180406,133000,135000,2018-04-06 13:30:00,2018-04-06 13:50:00,29627.0,29710.0,-1,-85.0,-4250.0,20,stop_loss,ORB_FILTERED,TREND
train,ORB_FILTERED_HYBRID_BASIC,20180409,111800,113400,2018-04-09 11:18:00,2018-04-09 11:34:00,30239.0,30439.0,1,198.0,9900.0,16,take_profit,ORB_FILTERED,TREND
train,ORB_FILTERED_HYBRID_BASIC,20180412,113300,140000,2018-04-12 11:33:00,2018-04-12 14:00:00,30831.0,30711.0,-1,118.0,5900.0,87,take_profit,ORB_FILTERED,TREND
train,ORB_FILTERED_HYBRID_BASIC,20180413,112100,113800,2018-04-13 11:21:00,2018-04-13 11:38:00,30715.0,30813.0,-1,-100.0,-5000.0,17,stop_loss,ORB_FILTERED,TREND
train,ORB_FILTERED_HYBRID_BASIC,20180416,112300,113700,2018-04-16 11:23:00,2018-04-16 11:37:00,30278.0,30366.0,-1,-90.0,-4500.0,14,stop_loss,ORB_FILTERED,TREND
train,ORB_FILTERED_HYBRID_BASIC,20180417,152100,162900,2018-04-17 15:21:00,2018-04-17 16:29:00,30081.0,30053.0,-1,26.0,1300.0,68,session_end,ORB_FILTERED,TREND
train,ORB_FILTERED_HYBRID_BASIC,20180418,102400,104400,2018-04-18 10:24:00,2018-04-18 10:44:00,30145.0,30028.0,-1,115.0,5750.0,20,take_profit,ORB_FILTERED,TREND
train,ORB_FILTERED_HYBRID_BASIC,20180418,104500,104800,2018-04-18 10:45:00,2018-04-18 10:48:00,29990.0,30093.0,-1,-105.0,-5250.0,3,stop_loss,ORB_FILTERED,TREND
train,ORB_FILTERED_HYBRID_BASIC,20180420,154000,162900,2018-04-20 15:40:00,2018-04-20 16:29:00,30387.0,30371.0,-1,14.0,700.0,49,session_end,ORB_FILTERED,TREND
train,ORB_FILTERED_HYBRID_BASIC,20180424,101600,102500,2018-04-24 10:16:00,2018-04-24 10:25:00,30633.0,30541.0,1,-94.0,-4700.0,9,stop_loss,ORB_FILTERED,TREND
train,ORB_FILTERED_HYBRID_BASIC,20180426,141800,151400,2018-04-26 14:18:00,2018-04-26 15:14:00,29867.0,29956.0,-1,-91.0,-4550.0,56,stop_loss,ORB_FILTERED,TREND
train,ORB_FILTERED_HYBRID_BASIC,20180426,153600,155000,2018-04-26 15:36:00,2018-04-26 15:50:00,30071.0,29938.0,-1,131.0,6550.0,14,take_profit,ORB_FILTERED,TREND
train,ORB_FILTERED_HYBRID_BASIC,20180508,101500,103500,2018-05-08 10:15:00,2018-05-08 10:35:00,30185.0,30082.0,1,-105.0,-5250.0,20,stop_loss,ORB_FILTERED,TREND
train,ORB_FILTERED_HYBRID_BASIC,20180509,112900,142100,2018-05-09 11:29:00,2018-05-09 14:21:00,30382.0,30291.0,1,-93.0,-4650.0,112,stop_loss,ORB_FILTERED,TREND
train,ORB_FILTERED_HYBRID_BASIC,20180511,162900,162900,2018-05-11 16:29:00,2018-05-11 16:29:00,31097.0,31092.0,1,-7.0,-350.0,0,session_end,ORB_FILTERED,TREND
train,ORB_FILTERED_HYBRID_BASIC,20180515,110400,162900,2018-05-15 11:04:00,2018-05-15 16:29:00,31075.0,30993.0,-1,80.0,4000.0,265,session_end,ORB_FILTERED,TREND
train,ORB_FILTERED_HYBRID_BASIC,20180516,113800,134000,2018-05-16 11:38:00,2018-05-16 13:40:00,30932.0,31055.0,1,121.0,6050.0,62,take_profit,ORB_FILTERED,TREND
train,ORB_FILTERED_HYBRID_BASIC,20180516,134300,140300,2018-05-16 13:43:00,2018-05-16 14:03:00,31081.0,30964.0,1,-119.0,-5950.0,20,stop_loss,ORB_FILTERED,TREND
train,ORB_FILTERED_HYBRID_BASIC,20180523,111300,153100,2018-05-23 11:13:00,2018-05-23 15:31:00,30794.0,30665.0,-1,127.0,6350.0,198,take_profit,ORB_FILTERED,TREND
train,ORB_FILTERED_HYBRID_BASIC,20180523,160800,162900,2018-05-23 16:08:00,2018-05-23 16:29:00,30556.0,30545.0,-1,9.0,450.0,21,session_end,ORB_FILTERED,TREND
train,ORB_FILTERED_HYBRID_BASIC,20180524,110600,112100,2018-05-24 11:06:00,2018-05-24 11:21:00,30746.0,30664.0,1,-84.0,-4200.0,15,stop_loss,ORB_FILTERED,TREND
train,ORB_FILTERED_HYBRID_BASIC,20180524,152300,161900,2018-05-24 15:23:00,2018-05-24 16:19:00,30741.0,30658.0,1,-85.0,-4250.0,56,stop_loss,ORB_FILTERED,TREND
train,ORB_FILTERED_HYBRID_BASIC,20180529,113400,142100,2018-05-29 11:34:00,2018-05-29 14:21:00,30516.0,30623.0,-1,-109.0,-5450.0,107,stop_loss,ORB_FILTERED,TREND
train,ORB_FILTERED_HYBRID_BASIC,20180530,104100,112900,2018-05-30 10:41:00,2018-05-30 11:29:00,29843.0,29929.0,-1,-88.0,-4400.0,48,stop_loss,ORB_FILTERED,TREND
train,ORB_FILTERED_HYBRID_BASIC,20180531,153400,162900,2018-05-31 15:34:00,2018-05-31 16:29:00,30390.0,30485.0,1,93.0,4650.0,55,session_end,ORB_FILTERED,TREND
train,ORB_FILTERED_HYBRID_BASIC,20180605,134900,150700,2018-06-05 13:49:00,2018-06-05 15:07:00,31087.0,30995.0,1,-94.0,-4700.0,78,stop_loss,ORB_FILTERED,TREND
train,ORB_FILTERED_HYBRID_BASIC,20180605,161900,162900,2018-06-05 16:19:00,2018-06-05 16:29:00,31069.0,31051.0,1,-20.0,-1000.0,10,session_end,ORB_FILTERED,TREND
train,ORB_FILTERED_HYBRID_BASIC,20180608,141400,154300,2018-06-08 14:14:00,2018-06-08 15:43:00,30961.0,30837.0,-1,122.0,6100.0,89,take_profit,ORB_FILTERED,TREND
train,ORB_FILTERED_HYBRID_BASIC,20180613,143100,154800,2018-06-13 14:31:00,2018-06-13 15:48:00,30769.0,30648.0,-1,119.0,5950.0,77,take_profit,ORB_FILTERED,TREND
train,ORB_FILTERED_HYBRID_BASIC,20180614,105500,140000,2018-06-14 10:55:00,2018-06-14 14:00:00,30462.0,30334.0,-1,126.0,6300.0,125,take_profit,ORB_FILTERED,TREND
train,ORB_FILTERED_HYBRID_BASIC,20180615,114300,115200,2018-06-15 11:43:00,2018-06-15 11:52:00,30281.0,30380.0,-1,-101.0,-5050.0,9,stop_loss,ORB_FILTERED,TREND
train,ORB_FILTERED_HYBRID_BASIC,20180619,131800,143200,2018-06-19 13:18:00,2018-06-19 14:32:00,29516.0,29386.0,-1,128.0,6400.0,74,take_profit,ORB_FILTERED,TREND
train,ORB_FILTERED_HYBRID_BASIC,20180619,143800,153500,2018-06-19 14:38:00,2018-06-19 15:35:00,29322.0,29408.0,-1,-88.0,-4400.0,57,stop_loss,ORB_FILTERED,TREND
train,ORB_FILTERED_HYBRID_BASIC,20180620,130100,131900,2018-06-20 13:01:00,2018-06-20 13:19:00,29595.0,29720.0,1,123.0,6150.0,18,take_profit,ORB_FILTERED,TREND
train,ORB_FILTERED_HYBRID_BASIC,20180620,132000,132100,2018-06-20 13:20:00,2018-06-20 13:21:00,29806.0,29902.0,1,94.0,4700.0,1,regime_extreme,ORB_FILTERED,TREND
train,ORB_FILTERED_HYBRID_BASIC,20180621,112600,113900,2018-06-21 11:26:00,2018-06-21 11:39:00,29573.0,29441.0,-1,130.0,6500.0,13,take_profit,ORB_FILTERED,TREND
train,ORB_FILTERED_HYBRID_BASIC,20180621,114000,133300,2018-06-21 11:40:00,2018-06-21 13:33:00,29449.0,29533.0,-1,-86.0,-4300.0,53,stop_loss,ORB_FILTERED,TREND
train,ORB_FILTERED_HYBRID_BASIC,20180625,134300,141800,2018-06-25 13:43:00,2018-06-25 14:18:00,28990.0,29078.0,-1,-90.0,-4500.0,35,stop_loss,ORB_FILTERED,TREND
train,ORB_FILTERED_HYBRID_BASIC,20180627,160300,162900,2018-06-27 16:03:00,2018-06-27 16:29:00,28303.0,28362.0,-1,-61.0,-3050.0,26,session_end,ORB_FILTERED,TREND
train,ORB_FILTERED_HYBRID_BASIC,20180628,160100,162900,2018-06-28 16:01:00,2018-06-28 16:29:00,28310.0,28265.0,1,-47.0,-2350.0,28,session_end,ORB_FILTERED,TREND
train,ORB_FILTERED_HYBRID_BASIC,20180705,130200,131400,2018-07-05 13:02:00,2018-07-05 13:14:00,27867.0,27736.0,-1,129.0,6450.0,12,take_profit,ORB_FILTERED,TREND
train,ORB_FILTERED_HYBRID_BASIC,20180710,160300,162900,2018-07-10 16:03:00,2018-07-10 16:29:00,28658.0,28637.0,-1,19.0,950.0,26,session_end,ORB_FILTERED,TREND
train,ORB_FILTERED_HYBRID_BASIC,20180718,140000,162900,2018-07-18 14:00:00,2018-07-18 16:29:00,28088.0,28084.0,-1,2.0,100.0,149,session_end,ORB_FILTERED,TREND
train,ORB_FILTERED_HYBRID_BASIC,20180720,133600,154000,2018-07-20 13:36:00,2018-07-20 15:40:00,28137.0,28259.0,1,120.0,6000.0,124,take_profit,ORB_FILTERED,TREND
train,ORB_FILTERED_HYBRID_BASIC,20180724,104100,162900,2018-07-24 10:41:00,2018-07-24 16:29:00,28630.0,28646.0,1,14.0,700.0,288,session_end,ORB_FILTERED,TREND
train,ORB_FILTERED_HYBRID_BASIC,20180727,110500,130600,2018-07-27 11:05:00,2018-07-27 13:06:00,28822.0,28736.0,1,-88.0,-4400.0,61,stop_loss,ORB_FILTERED,TREND
train,ORB_FILTERED_HYBRID_BASIC,20180730,110100,115600,2018-07-30 11:01:00,2018-07-30 11:56:00,28529.0,28613.0,-1,-86.0,-4300.0,55,stop_loss,ORB_FILTERED,TREND
train,ORB_FILTERED_HYBRID_BASIC,20180731,114300,134400,2018-07-31 11:43:00,2018-07-31 13:44:00,28527.0,28623.0,-1,-98.0,-4900.0,61,stop_loss,ORB_FILTERED,TREND
train,ORB_FILTERED_HYBRID_BASIC,20180801,105600,130300,2018-08-01 10:56:00,2018-08-01 13:03:00,28467.0,28556.0,-1,-91.0,-4550.0,67,stop_loss,ORB_FILTERED,TREND
train,ORB_FILTERED_HYBRID_BASIC,20180801,151000,154700,2018-08-01 15:10:00,2018-08-01 15:47:00,28312.0,28187.0,-1,123.0,6150.0,37,take_profit,ORB_FILTERED,TREND
train,ORB_FILTERED_HYBRID_BASIC,20180801,154800,160800,2018-08-01 15:48:00,2018-08-01 16:08:00,28173.0,28258.0,-1,-87.0,-4350.0,20,stop_loss,ORB_FILTERED,TREND
train,ORB_FILTERED_HYBRID_BASIC,20180802,114200,130300,2018-08-02 11:42:00,2018-08-02 13:03:00,27595.0,27613.0,-1,-20.0,-1000.0,21,regime_extreme,ORB_FILTERED,TREND
train,ORB_FILTERED_HYBRID_BASIC,20180802,131800,131900,2018-08-02 13:18:00,2018-08-02 13:19:00,27515.0,27547.0,-1,-34.0,-1700.0,1,regime_extreme,ORB_FILTERED,TREND
train,ORB_FILTERED_HYBRID_BASIC,20180806,131200,132100,2018-08-06 13:12:00,2018-08-06 13:21:00,27674.0,27787.0,-1,-115.0,-5750.0,9,stop_loss,ORB_FILTERED,TREND
train,ORB_FILTERED_HYBRID_BASIC,20180807,141700,162900,2018-08-07 14:17:00,2018-08-07 16:29:00,28129.0,28211.0,1,80.0,4000.0,132,session_end,ORB_FILTERED,TREND
train,ORB_FILTERED_HYBRID_BASIC,20180809,103600,113300,2018-08-09 10:36:00,2018-08-09 11:33:00,28431.0,28552.0,1,119.0,5950.0,57,take_profit,ORB_FILTERED,TREND
train,ORB_FILTERED_HYBRID_BASIC,20180809,131600,133600,2018-08-09 13:16:00,2018-08-09 13:36:00,28654.0,28564.0,1,-92.0,-4600.0,20,stop_loss,ORB_FILTERED,TREND
train,ORB_FILTERED_HYBRID_BASIC,20180810,132400,162900,2018-08-10 13:24:00,2018-08-10 16:29:00,28260.0,28233.0,-1,25.0,1250.0,185,session_end,ORB_FILTERED,TREND
train,ORB_FILTERED_HYBRID_BASIC,20180817,144600,154600,2018-08-17 14:46:00,2018-08-17 15:46:00,27015.0,27106.0,-1,-93.0,-4650.0,60,stop_loss,ORB_FILTERED,TREND
train,ORB_FILTERED_HYBRID_BASIC,20180822,151700,162900,2018-08-22 15:17:00,2018-08-22 16:29:00,27849.0,27825.0,1,-26.0,-1300.0,72,session_end,ORB_FILTERED,TREND
train,ORB_FILTERED_HYBRID_BASIC,20180824,134900,140600,2018-08-24 13:49:00,2018-08-24 14:06:00,27766.0,27667.0,1,-101.0,-5050.0,17,stop_loss,ORB_FILTERED,TREND
train,ORB_FILTERED_HYBRID_BASIC,20180827,114400,162900,2018-08-27 11:44:00,2018-08-27 16:29:00,28232.0,28234.0,1,0.0,0.0,225,session_end,ORB_FILTERED,TREND
train,ORB_FILTERED_HYBRID_BASIC,20180904,133200,140900,2018-09-04 13:32:00,2018-09-04 14:09:00,27789.0,27915.0,1,124.0,6200.0,37,take_profit,ORB_FILTERED,TREND
train,ORB_FILTERED_HYBRID_BASIC,20180904,141000,162900,2018-09-04 14:10:00,2018-09-04 16:29:00,27920.0,27866.0,1,-56.0,-2800.0,139,session_end,ORB_FILTERED,TREND
train,ORB_FILTERED_HYBRID_BASIC,20180905,113500,140200,2018-09-05 11:35:00,2018-09-05 14:02:00,27399.0,27272.0,-1,125.0,6250.0,87,take_profit,ORB_FILTERED,TREND
train,ORB_FILTERED_HYBRID_BASIC,20180905,141900,162800,2018-09-05 14:19:00,2018-09-05 16:28:00,27223.0,27106.0,-1,115.0,5750.0,129,take_profit,ORB_FILTERED,TREND
train,ORB_FILTERED_HYBRID_BASIC,20180906,130600,141100,2018-09-06 13:06:00,2018-09-06 14:11:00,26926.0,26809.0,-1,115.0,5750.0,65,take_profit,ORB_FILTERED,TREND
train,ORB_FILTERED_HYBRID_BASIC,20180907,113200,113400,2018-09-07 11:32:00,2018-09-07 11:34:00,26650.0,26609.0,-1,39.0,1950.0,2,regime_extreme,ORB_FILTERED,TREND
train,ORB_FILTERED_HYBRID_BASIC,20180918,140400,141700,2018-09-18 14:04:00,2018-09-18 14:17:00,26884.0,27005.0,1,119.0,5950.0,13,take_profit,ORB_FILTERED,TREND
train,ORB_FILTERED_HYBRID_BASIC,20180918,141800,142100,2018-09-18 14:18:00,2018-09-18 14:21:00,27057.0,27120.0,1,61.0,3050.0,3,regime_extreme,ORB_FILTERED,TREND
train,ORB_FILTERED_HYBRID_BASIC,20180921,144900,162900,2018-09-21 14:49:00,2018-09-21 16:29:00,27935.0,27921.0,1,-16.0,-800.0,100,session_end,ORB_FILTERED,TREND
train,ORB_FILTERED_HYBRID_BASIC,20180926,105900,145400,2018-09-26 10:59:00,2018-09-26 14:54:00,27950.0,27858.0,1,-94.0,-4700.0,175,stop_loss,ORB_FILTERED,TREND
train,ORB_FILTERED_HYBRID_BASIC,20180927,114200,162900,2018-09-27 11:42:00,2018-09-27 16:29:00,27720.0,27712.0,-1,6.0,300.0,227,session_end,ORB_FILTERED,TREND
train,ORB_FILTERED_HYBRID_BASIC,20180928,144200,161300,2018-09-28 14:42:00,2018-09-28 16:13:00,27699.0,27784.0,-1,-87.0,-4350.0,91,stop_loss,ORB_FILTERED,TREND
train,ORB_FILTERED_HYBRID_BASIC,20181002,101500,131100,2018-10-02 10:15:00,2018-10-02 13:11:00,27396.0,27261.0,-1,133.0,6650.0,116,take_profit,ORB_FILTERED,TREND
train,ORB_FILTERED_HYBRID_BASIC,20181002,132100,141500,2018-10-02 13:21:00,2018-10-02 14:15:00,27220.0,27097.0,-1,121.0,6050.0,54,take_profit,ORB_FILTERED,TREND
train,ORB_FILTERED_HYBRID_BASIC,20181008,144200,162900,2018-10-08 14:42:00,2018-10-08 16:29:00,26224.0,26174.0,-1,48.0,2400.0,107,session_end,ORB_FILTERED,TREND
train,ORB_FILTERED_HYBRID_BASIC,20181012,115000,131600,2018-10-12 11:50:00,2018-10-12 13:16:00,25566.0,25685.0,1,117.0,5850.0,26,take_profit,ORB_FILTERED,TREND
train,ORB_FILTERED_HYBRID_BASIC,20181012,131700,133900,2018-10-12 13:17:00,2018-10-12 13:39:00,25687.0,25650.0,1,-39.0,-1950.0,22,regime_extreme,ORB_FILTERED,TREND
train,ORB_FILTERED_HYBRID_BASIC,20181016,110700,135200,2018-10-16 11:07:00,2018-10-16 13:52:00,25455.0,25336.0,-1,117.0,5850.0,105,take_profit,ORB_FILTERED,TREND
train,ORB_FILTERED_HYBRID_BASIC,20181016,142600,151100,2018-10-16 14:26:00,2018-10-16 15:11:00,25235.0,25332.0,-1,-99.0,-4950.0,45,stop_loss,ORB_FILTERED,TREND
train,ORB_FILTERED_HYBRID_BASIC,20181019,132500,133300,2018-10-19 13:25:00,2018-10-19 13:33:00,25603.0,25568.0,1,-37.0,-1850.0,8,regime_extreme,ORB_FILTERED,TREND
train,ORB_FILTERED_HYBRID_BASIC,20181023,111400,135300,2018-10-23 11:14:00,2018-10-23 13:53:00,25597.0,25479.0,-1,116.0,5800.0,99,take_profit,ORB_FILTERED,TREND
train,ORB_FILTERED_HYBRID_BASIC,20181023,140300,142800,2018-10-23 14:03:00,2018-10-23 14:28:00,25381.0,25397.0,-1,-18.0,-900.0,25,regime_extreme,ORB_FILTERED,TREND
train,ORB_FILTERED_HYBRID_BASIC,20181025,160200,162900,2018-10-25 16:02:00,2018-10-25 16:29:00,24974.0,24900.0,1,-76.0,-3800.0,27,session_end,ORB_FILTERED,TREND
train,ORB_FILTERED_HYBRID_BASIC,20181101,142500,153000,2018-11-01 14:25:00,2018-11-01 15:30:00,25308.0,25432.0,1,122.0,6100.0,65,take_profit,ORB_FILTERED,TREND
train,ORB_FILTERED_HYBRID_BASIC,20181102,160000,162900,2018-11-02 16:00:00,2018-11-02 16:29:00,26499.0,26482.0,1,-19.0,-950.0,29,session_end,ORB_FILTERED,TREND
train,ORB_FILTERED_HYBRID_BASIC,20181106,151100,153700,2018-11-06 15:11:00,2018-11-06 15:37:00,26159.0,26070.0,1,-91.0,-4550.0,26,stop_loss,ORB_FILTERED,TREND
train,ORB_FILTERED_HYBRID_BASIC,20181109,152400,154200,2018-11-09 15:24:00,2018-11-09 15:42:00,25431.0,25517.0,-1,-88.0,-4400.0,18,stop_loss,ORB_FILTERED,TREND
train,ORB_FILTERED_HYBRID_BASIC,20181113,162400,162900,2018-11-13 16:24:00,2018-11-13 16:29:00,25815.0,25839.0,1,22.0,1100.0,5,session_end,ORB_FILTERED,TREND
train,ORB_FILTERED_HYBRID_BASIC,20181116,115500,131000,2018-11-16 11:55:00,2018-11-16 13:10:00,26146.0,26115.0,1,-33.0,-1650.0,15,regime_extreme,ORB_FILTERED,TREND
train,ORB_FILTERED_HYBRID_BASIC,20181126,103300,105000,2018-11-26 10:33:00,2018-11-26 10:50:00,26332.0,26237.0,1,-97.0,-4850.0,17,stop_loss,ORB_FILTERED,TREND
train,ORB_FILTERED_HYBRID_BASIC,20181128,110000,142700,2018-11-28 11:00:00,2018-11-28 14:27:00,26582.0,26701.0,1,117.0,5850.0,147,take_profit,ORB_FILTERED,TREND
train,ORB_FILTERED_HYBRID_BASIC,20181128,142800,162000,2018-11-28 14:28:00,2018-11-28 16:20:00,26704.0,26612.0,1,-94.0,-4700.0,112,stop_loss,ORB_FILTERED,TREND
train,ORB_FILTERED_HYBRID_BASIC,20181129,140200,162900,2018-11-29 14:02:00,2018-11-29 16:29:00,26517.0,26462.0,-1,53.0,2650.0,147,session_end,ORB_FILTERED,TREND
train,ORB_FILTERED_HYBRID_BASIC,20181204,143800,162900,2018-12-04 14:38:00,2018-12-04 16:29:00,27187.0,27253.0,1,64.0,3200.0,111,session_end,ORB_FILTERED,TREND
train,ORB_FILTERED_HYBRID_BASIC,20181207,160100,162900,2018-12-07 16:01:00,2018-12-07 16:29:00,26025.0,26105.0,-1,-82.0,-4100.0,28,session_end,ORB_FILTERED,TREND
train,ORB_FILTERED_HYBRID_BASIC,20181211,111700,112700,2018-12-11 11:17:00,2018-12-11 11:27:00,25846.0,25764.0,1,-84.0,-4200.0,10,stop_loss,ORB_FILTERED,TREND
train,ORB_FILTERED_HYBRID_BASIC,20181211,150100,160000,2018-12-11 15:01:00,2018-12-11 16:00:00,25813.0,25729.0,1,-86.0,-4300.0,59,stop_loss,ORB_FILTERED,TREND
train,ORB_FILTERED_HYBRID_BASIC,20181218,112000,162900,2018-12-18 11:20:00,2018-12-18 16:29:00,25829.0,25829.0,-1,-2.0,-100.0,249,session_end,ORB_FILTERED,TREND
train,ORB_FILTERED_HYBRID_BASIC,20181220,114500,130300,2018-12-20 11:45:00,2018-12-20 13:03:00,25543.0,25423.0,-1,118.0,5900.0,18,take_profit,ORB_FILTERED,TREND
train,ORB_FILTERED_HYBRID_BASIC,20181220,130400,131300,2018-12-20 13:04:00,2018-12-20 13:13:00,25396.0,25482.0,-1,-88.0,-4400.0,9,stop_loss,ORB_FILTERED,TREND
train,ORB_FILTERED_HYBRID_BASIC,20181221,152800,162900,2018-12-21 15:28:00,2018-12-21 16:29:00,25696.0,25656.0,1,-42.0,-2100.0,61,session_end,ORB_FILTERED,TREND
train,ORB_FILTERED_HYBRID_BASIC,20181227,133600,135900,2018-12-27 13:36:00,2018-12-27 13:59:00,25684.0,25549.0,-1,133.0,6650.0,23,take_profit,ORB_FILTERED,TREND
train,ORB_FILTERED_HYBRID_BASIC,20181227,140000,160100,2018-12-27 14:00:00,2018-12-27 16:01:00,25539.0,25395.0,-1,142.0,7100.0,121,take_profit,ORB_FILTERED,TREND
train,ORB_FILTERED_HYBRID_BASIC,20181227,160200,162900,2018-12-27 16:02:00,2018-12-27 16:29:00,25355.0,25399.0,-1,-46.0,-2300.0,27,session_end,ORB_FILTERED,TREND
train,ORB_FILTERED_HYBRID_BASIC,20190103,110900,114300,2019-01-03 11:09:00,2019-01-03 11:43:00,24945.0,25031.0,-1,-88.0,-4400.0,34,stop_loss,ORB_FILTERED,TREND
train,ORB_FILTERED_HYBRID_BASIC,20190104,110700,145700,2019-01-04 11:07:00,2019-01-04 14:57:00,25423.0,25544.0,1,119.0,5950.0,170,take_profit,ORB_FILTERED,TREND
train,ORB_FILTERED_HYBRID_BASIC,20190104,151300,162900,2019-01-04 15:13:00,2019-01-04 16:29:00,25615.0,25601.0,1,-16.0,-800.0,76,session_end,ORB_FILTERED,TREND
train,ORB_FILTERED_HYBRID_BASIC,20190109,103700,143900,2019-01-09 10:37:00,2019-01-09 14:39:00,26556.0,26474.0,1,-84.0,-4200.0,182,stop_loss,ORB_FILTERED,TREND
train,ORB_FILTERED_HYBRID_BASIC,20190109,144000,162900,2019-01-09 14:40:00,2019-01-09 16:29:00,26458.0,26506.0,1,46.0,2300.0,109,session_end,ORB_FILTERED,TREND
train,ORB_FILTERED_HYBRID_BASIC,20190110,114000,131800,2019-01-10 11:40:00,2019-01-10 13:18:00,26566.0,26480.0,1,-88.0,-4400.0,38,stop_loss,ORB_FILTERED,TREND
train,ORB_FILTERED_HYBRID_BASIC,20190114,101700,110600,2019-01-14 10:17:00,2019-01-14 11:06:00,26315.0,26174.0,-1,139.0,6950.0,49,take_profit,ORB_FILTERED,TREND
train,ORB_FILTERED_HYBRID_BASIC,20190115,110200,131000,2019-01-15 11:02:00,2019-01-15 13:10:00,26785.0,26691.0,1,-96.0,-4800.0,68,stop_loss,ORB_FILTERED,TREND
train,ORB_FILTERED_HYBRID_BASIC,20190122,130600,150300,2019-01-22 13:06:00,2019-01-22 15:03:00,26844.0,26938.0,-1,-96.0,-4800.0,117,stop_loss,ORB_FILTERED,TREND
train,ORB_FILTERED_HYBRID_BASIC,20190125,155400,162900,2019-01-25 15:54:00,2019-01-25 16:29:00,27590.0,27589.0,1,-3.0,-150.0,35,session_end,ORB_FILTERED,TREND
train,ORB_FILTERED_HYBRID_BASIC,20190128,134900,141100,2019-01-28 13:49:00,2019-01-28 14:11:00,27522.0,27606.0,-1,-86.0,-4300.0,22,stop_loss,ORB_FILTERED,TREND
train,ORB_FILTERED_HYBRID_BASIC,20190130,160900,162900,2019-01-30 16:09:00,2019-01-30 16:29:00,27643.0,27635.0,1,-10.0,-500.0,20,session_end,ORB_FILTERED,TREND
train,ORB_FILTERED_HYBRID_BASIC,20190131,111600,132900,2019-01-31 11:16:00,2019-01-31 13:29:00,27956.0,27869.0,1,-89.0,-4450.0,73,stop_loss,ORB_FILTERED,TREND
train,ORB_FILTERED_HYBRID_BASIC,20190131,152800,162900,2019-01-31 15:28:00,2019-01-31 16:29:00,27945.0,28029.0,1,82.0,4100.0,61,session_end,ORB_FILTERED,TREND
train,ORB_FILTERED_HYBRID_BASIC,20190208,110600,134700,2019-02-08 11:06:00,2019-02-08 13:47:00,27729.0,27851.0,1,120.0,6000.0,101,take_profit,ORB_FILTERED,TREND
train,ORB_FILTERED_HYBRID_BASIC,20190208,140100,162900,2019-02-08 14:01:00,2019-02-08 16:29:00,27893.0,27950.0,1,55.0,2750.0,148,session_end,ORB_FILTERED,TREND
train,ORB_FILTERED_HYBRID_BASIC,20190211,144400,162900,2019-02-11 14:44:00,2019-02-11 16:29:00,28068.0,28136.0,1,66.0,3300.0,105,session_end,ORB_FILTERED,TREND
train,ORB_FILTERED_HYBRID_BASIC,20190213,115700,143600,2019-02-13 11:57:00,2019-02-13 14:36:00,28373.0,28490.0,1,115.0,5750.0,99,take_profit,ORB_FILTERED,TREND
train,ORB_FILTERED_HYBRID_BASIC,20190219,130600,162900,2019-02-19 13:06:00,2019-02-19 16:29:00,28218.0,28158.0,-1,58.0,2900.0,203,session_end,ORB_FILTERED,TREND
train,ORB_FILTERED_HYBRID_BASIC,20190227,142400,142900,2019-02-27 14:24:00,2019-02-27 14:29:00,28766.0,28852.0,-1,-88.0,-4400.0,5,stop_loss,ORB_FILTERED,TREND
train,ORB_FILTERED_HYBRID_BASIC,20190227,143400,162900,2019-02-27 14:34:00,2019-02-27 16:29:00,28795.0,28772.0,-1,21.0,1050.0,115,session_end,ORB_FILTERED,TREND
train,ORB_FILTERED_HYBRID_BASIC,20190304,114000,130100,2019-03-04 11:40:00,2019-03-04 13:01:00,29049.0,29176.0,1,125.0,6250.0,21,take_profit,ORB_FILTERED,TREND
train,ORB_FILTERED_HYBRID_BASIC,20190304,130200,133300,2019-03-04 13:02:00,2019-03-04 13:33:00,29169.0,29061.0,1,-110.0,-5500.0,31,stop_loss,ORB_FILTERED,TREND
train,ORB_FILTERED_HYBRID_BASIC,20190312,153100,162900,2019-03-12 15:31:00,2019-03-12 16:29:00,28955.0,28913.0,1,-44.0,-2200.0,58,session_end,ORB_FILTERED,TREND
train,ORB_FILTERED_HYBRID_BASIC,20190314,113700,114300,2019-03-14 11:37:00,2019-03-14 11:43:00,28683.0,28786.0,-1,-105.0,-5250.0,6,stop_loss,ORB_FILTERED,TREND
train,ORB_FILTERED_HYBRID_BASIC,20190315,103700,110100,2019-03-15 10:37:00,2019-03-15 11:01:00,29086.0,29231.0,1,143.0,7150.0,24,take_profit,ORB_FILTERED,TREND
train,ORB_FILTERED_HYBRID_BASIC,20190315,110200,112000,2019-03-15 11:02:00,2019-03-15 11:20:00,29229.0,29124.0,1,-107.0,-5350.0,18,stop_loss,ORB_FILTERED,TREND
train,ORB_FILTERED_HYBRID_BASIC,20190320,110800,112000,2019-03-20 11:08:00,2019-03-20 11:20:00,29429.0,29334.0,1,-97.0,-4850.0,12,stop_loss,ORB_FILTERED,TREND
train,ORB_FILTERED_HYBRID_BASIC,20190321,145000,152500,2019-03-21 14:50:00,2019-03-21 15:25:00,29225.0,29088.0,-1,135.0,6750.0,35,take_profit,ORB_FILTERED,TREND
train,ORB_FILTERED_HYBRID_BASIC,20190321,152600,162900,2019-03-21 15:26:00,2019-03-21 16:29:00,29088.0,29127.0,-1,-41.0,-2050.0,63,session_end,ORB_FILTERED,TREND
train,ORB_FILTERED_HYBRID_BASIC,20190322,105300,112200,2019-03-22 10:53:00,2019-03-22 11:22:00,28982.0,28858.0,-1,122.0,6100.0,29,take_profit,ORB_FILTERED,TREND
train,ORB_FILTERED_HYBRID_BASIC,20190322,112300,130100,2019-03-22 11:23:00,2019-03-22 13:01:00,28841.0,28926.0,-1,-87.0,-4350.0,38,stop_loss,ORB_FILTERED,TREND
train,ORB_FILTERED_HYBRID_BASIC,20190322,152700,162900,2019-03-22 15:27:00,2019-03-22 16:29:00,29093.0,29077.0,-1,14.0,700.0,62,session_end,ORB_FILTERED,TREND
train,ORB_FILTERED_HYBRID_BASIC,20190328,155400,162900,2019-03-28 15:54:00,2019-03-28 16:29:00,28732.0,28771.0,1,37.0,1850.0,35,session_end,ORB_FILTERED,TREND
train,ORB_FILTERED_HYBRID_BASIC,20190329,110000,161000,2019-03-29 11:00:00,2019-03-29 16:10:00,29052.0,29176.0,1,122.0,6100.0,250,take_profit,ORB_FILTERED,TREND
train,ORB_FILTERED_HYBRID_BASIC,20190409,110100,132200,2019-04-09 11:01:00,2019-04-09 13:22:00,30255.0,30170.0,1,-87.0,-4350.0,81,stop_loss,ORB_FILTERED,TREND
train,ORB_FILTERED_HYBRID_BASIC,20190411,103000,104900,2019-04-11 10:30:00,2019-04-11 10:49:00,29878.0,29971.0,-1,-95.0,-4750.0,19,stop_loss,ORB_FILTERED,TREND
train,ORB_FILTERED_HYBRID_BASIC,20190412,160400,162900,2019-04-12 16:04:00,2019-04-12 16:29:00,29934.0,29952.0,1,16.0,800.0,25,session_end,ORB_FILTERED,TREND
train,ORB_FILTERED_HYBRID_BASIC,20190415,114000,145200,2019-04-15 11:40:00,2019-04-15 14:52:00,30054.0,29930.0,-1,122.0,6100.0,132,take_profit,ORB_FILTERED,TREND
train,ORB_FILTERED_HYBRID_BASIC,20190415,151600,162900,2019-04-15 15:16:00,2019-04-15 16:29:00,29853.0,29824.0,-1,27.0,1350.0,73,session_end,ORB_FILTERED,TREND
train,ORB_FILTERED_HYBRID_BASIC,20190416,130000,154900,2019-04-16 13:00:00,2019-04-16 15:49:00,30050.0,30170.0,1,118.0,5900.0,169,take_profit,ORB_FILTERED,TREND
train,ORB_FILTERED_HYBRID_BASIC,20190423,161600,162900,2019-04-23 16:16:00,2019-04-23 16:29:00,29954.0,29959.0,1,3.0,150.0,13,session_end,ORB_FILTERED,TREND
train,ORB_FILTERED_HYBRID_BASIC,20190424,102700,112200,2019-04-24 10:27:00,2019-04-24 11:22:00,29836.0,29712.0,-1,122.0,6100.0,55,take_profit,ORB_FILTERED,TREND
train,ORB_FILTERED_HYBRID_BASIC,20190425,151100,162900,2019-04-25 15:11:00,2019-04-25 16:29:00,29558.0,29524.0,-1,32.0,1600.0,78,session_end,ORB_FILTERED,TREND
train,ORB_FILTERED_HYBRID_BASIC,20190429,114600,162900,2019-04-29 11:46:00,2019-04-29 16:29:00,29654.0,29667.0,1,11.0,550.0,223,session_end,ORB_FILTERED,TREND
train,ORB_FILTERED_HYBRID_BASIC,20190502,145600,162900,2019-05-02 14:56:00,2019-05-02 16:29:00,29729.0,29653.0,1,-78.0,-3900.0,93,session_end,ORB_FILTERED,TREND
train,ORB_FILTERED_HYBRID_BASIC,20190503,110500,130100,2019-05-03 11:05:00,2019-05-03 13:01:00,29621.0,29772.0,1,149.0,7450.0,56,take_profit,ORB_FILTERED,TREND
train,ORB_FILTERED_HYBRID_BASIC,20190503,131100,162900,2019-05-03 13:11:00,2019-05-03 16:29:00,29762.0,29868.0,1,104.0,5200.0,198,session_end,ORB_FILTERED,TREND
train,ORB_FILTERED_HYBRID_BASIC,20190506,103400,104600,2019-05-06 10:34:00,2019-05-06 10:46:00,28872.0,28744.0,-1,126.0,6300.0,12,take_profit,ORB_FILTERED,TREND
train,ORB_FILTERED_HYBRID_BASIC,20190506,104700,110200,2019-05-06 10:47:00,2019-05-06 11:02:00,28711.0,28840.0,-1,-131.0,-6550.0,15,stop_loss,ORB_FILTERED,TREND
train,ORB_FILTERED_HYBRID_BASIC,20190507,143300,144300,2019-05-07 14:33:00,2019-05-07 14:43:00,29202.0,29098.0,1,-106.0,-5300.0,10,stop_loss,ORB_FILTERED,TREND
train,ORB_FILTERED_HYBRID_BASIC,20190509,103400,112800,2019-05-09 10:34:00,2019-05-09 11:28:00,28312.0,28194.0,-1,116.0,5800.0,54,take_profit,ORB_FILTERED,TREND
train,ORB_FILTERED_HYBRID_BASIC,20190510,110700,110800,2019-05-10 11:07:00,2019-05-10 11:08:00,28198.0,28186.0,-1,10.0,500.0,1,regime_extreme,ORB_FILTERED,TREND
train,ORB_FILTERED_HYBRID_BASIC,20190517,101500,110000,2019-05-17 10:15:00,2019-05-17 11:00:00,27973.0,27844.0,-1,127.0,6350.0,45,take_profit,ORB_FILTERED,TREND
train,ORB_FILTERED_HYBRID_BASIC,20190521,152900,160200,2019-05-21 15:29:00,2019-05-21 16:02:00,27465.0,27556.0,-1,-93.0,-4650.0,33,stop_loss,ORB_FILTERED,TREND
train,ORB_FILTERED_HYBRID_BASIC,20190530,101800,114000,2019-05-30 10:18:00,2019-05-30 11:40:00,26886.0,26971.0,-1,-87.0,-4350.0,82,stop_loss,ORB_FILTERED,TREND
train,ORB_FILTERED_HYBRID_BASIC,20190604,101500,162900,2019-06-04 10:15:00,2019-06-04 16:29:00,26589.0,26630.0,-1,-43.0,-2150.0,314,session_end,ORB_FILTERED,TREND
train,ORB_FILTERED_HYBRID_BASIC,20190606,153100,162900,2019-06-06 15:31:00,2019-06-06 16:29:00,26845.0,26842.0,1,-5.0,-250.0,58,session_end,ORB_FILTERED,TREND
train,ORB_FILTERED_HYBRID_BASIC,20190613,101500,103600,2019-06-13 10:15:00,2019-06-13 10:36:00,26717.0,26807.0,-1,-92.0,-4600.0,21,stop_loss,ORB_FILTERED,TREND
train,ORB_FILTERED_HYBRID_BASIC,20190613,154200,162900,2019-06-13 15:42:00,2019-06-13 16:29:00,27146.0,27149.0,1,1.0,50.0,47,session_end,ORB_FILTERED,TREND
train,ORB_FILTERED_HYBRID_BASIC,20190618,142700,153100,2019-06-18 14:27:00,2019-06-18 15:31:00,27483.0,27398.0,1,-87.0,-4350.0,64,stop_loss,ORB_FILTERED,TREND
train,ORB_FILTERED_HYBRID_BASIC,20190620,154800,162900,2019-06-20 15:48:00,2019-06-20 16:29:00,28501.0,28493.0,1,-10.0,-500.0,41,session_end,ORB_FILTERED,TREND
train,ORB_FILTERED_HYBRID_BASIC,20190625,110400,162900,2019-06-25 11:04:00,2019-06-25 16:29:00,28122.0,28180.0,-1,-60.0,-3000.0,265,session_end,ORB_FILTERED,TREND
val,ORB_FILTERED_HYBRID_BASIC,20190704,161500,162900,2019-07-04 16:15:00,2019-07-04 16:29:00,28844.0,28841.0,-1,1.0,50.0,14,session_end,ORB_FILTERED,TREND
val,ORB_FILTERED_HYBRID_BASIC,20190712,115300,145400,2019-07-12 11:53:00,2019-07-12 14:54:00,28588.0,28504.0,1,-86.0,-4300.0,121,stop_loss,ORB_FILTERED,TREND
val,ORB_FILTERED_HYBRID_BASIC,20190715,103400,112100,2019-07-15 10:34:00,2019-07-15 11:21:00,28457.0,28580.0,1,121.0,6050.0,47,take_profit,ORB_FILTERED,TREND
val,ORB_FILTERED_HYBRID_BASIC,20190722,144600,153800,2019-07-22 14:46:00,2019-07-22 15:38:00,28410.0,28292.0,-1,116.0,5800.0,52,take_profit,ORB_FILTERED,TREND
val,ORB_FILTERED_HYBRID_BASIC,20190722,153900,160900,2019-07-22 15:39:00,2019-07-22 16:09:00,28283.0,28367.0,-1,-86.0,-4300.0,30,stop_loss,ORB_FILTERED,TREND
val,ORB_FILTERED_HYBRID_BASIC,20190724,153200,162900,2019-07-24 15:32:00,2019-07-24 16:29:00,28517.0,28537.0,-1,-22.0,-1100.0,57,session_end,ORB_FILTERED,TREND
val,ORB_FILTERED_HYBRID_BASIC,20190729,102500,151500,2019-07-29 10:25:00,2019-07-29 15:15:00,28040.0,28125.0,-1,-87.0,-4350.0,230,stop_loss,ORB_FILTERED,TREND
val,ORB_FILTERED_HYBRID_BASIC,20190729,151600,162900,2019-07-29 15:16:00,2019-07-29 16:29:00,28116.0,28144.0,-1,-30.0,-1500.0,73,session_end,ORB_FILTERED,TREND
val,ORB_FILTERED_HYBRID_BASIC,20190801,135500,154600,2019-08-01 13:55:00,2019-08-01 15:46:00,27450.0,27533.0,-1,-85.0,-4250.0,111,stop_loss,ORB_FILTERED,TREND
val,ORB_FILTERED_HYBRID_BASIC,20190806,153400,160400,2019-08-06 15:34:00,2019-08-06 16:04:00,25987.0,25903.0,1,-86.0,-4300.0,30,stop_loss,ORB_FILTERED,TREND
val,ORB_FILTERED_HYBRID_BASIC,20190809,112600,115100,2019-08-09 11:26:00,2019-08-09 11:51:00,25901.0,25985.0,-1,-86.0,-4300.0,25,stop_loss,ORB_FILTERED,TREND
val,ORB_FILTERED_HYBRID_BASIC,20190809,131800,152500,2019-08-09 13:18:00,2019-08-09 15:25:00,26026.0,25905.0,-1,119.0,5950.0,127,take_profit,ORB_FILTERED,TREND
val,ORB_FILTERED_HYBRID_BASIC,20190812,160400,161100,2019-08-12 16:04:00,2019-08-12 16:11:00,25707.0,25588.0,-1,117.0,5850.0,7,take_profit,ORB_FILTERED,TREND
val,ORB_FILTERED_HYBRID_BASIC,20190812,161200,162900,2019-08-12 16:12:00,2019-08-12 16:29:00,25593.0,25574.0,-1,17.0,850.0,17,session_end,ORB_FILTERED,TREND
val,ORB_FILTERED_HYBRID_BASIC,20190814,150500,162900,2019-08-14 15:05:00,2019-08-14 16:29:00,25162.0,25202.0,-1,-42.0,-2100.0,84,session_end,ORB_FILTERED,TREND
val,ORB_FILTERED_HYBRID_BASIC,20190816,104500,132900,2019-08-16 10:45:00,2019-08-16 13:29:00,25536.0,25658.0,1,120.0,6000.0,104,take_profit,ORB_FILTERED,TREND
val,ORB_FILTERED_HYBRID_BASIC,20190821,152300,162900,2019-08-21 15:23:00,2019-08-21 16:29:00,26270.0,26224.0,1,-48.0,-2400.0,66,session_end,ORB_FILTERED,TREND
val,ORB_FILTERED_HYBRID_BASIC,20190826,145900,150600,2019-08-26 14:59:00,2019-08-26 15:06:00,25543.0,25461.0,1,-84.0,-4200.0,7,stop_loss,ORB_FILTERED,TREND
val,ORB_FILTERED_HYBRID_BASIC,20190826,162300,162900,2019-08-26 16:23:00,2019-08-26 16:29:00,25720.0,25690.0,1,-32.0,-1600.0,6,session_end,ORB_FILTERED,TREND
val,ORB_FILTERED_HYBRID_BASIC,20190829,154300,162900,2019-08-29 15:43:00,2019-08-29 16:29:00,25640.0,25642.0,1,0.0,0.0,46,session_end,ORB_FILTERED,TREND
val,ORB_FILTERED_HYBRID_BASIC,20190830,140000,141800,2019-08-30 14:00:00,2019-08-30 14:18:00,25658.0,25534.0,-1,122.0,6100.0,18,take_profit,ORB_FILTERED,TREND
val,ORB_FILTERED_HYBRID_BASIC,20190830,141900,152700,2019-08-30 14:19:00,2019-08-30 15:27:00,25524.0,25620.0,-1,-98.0,-4900.0,68,stop_loss,ORB_FILTERED,TREND
val,ORB_FILTERED_HYBRID_BASIC,20190904,101500,114800,2019-09-04 10:15:00,2019-09-04 11:48:00,25810.0,25710.0,1,-102.0,-5100.0,93,stop_loss,ORB_FILTERED,TREND
val,ORB_FILTERED_HYBRID_BASIC,20190904,140000,140800,2019-09-04 14:00:00,2019-09-04 14:08:00,25915.0,26150.0,1,233.0,11650.0,8,take_profit,ORB_FILTERED,TREND
val,ORB_FILTERED_HYBRID_BASIC,20190904,153500,154200,2019-09-04 15:35:00,2019-09-04 15:42:00,26558.0,26576.0,1,16.0,800.0,7,regime_extreme,ORB_FILTERED,TREND
val,ORB_FILTERED_HYBRID_BASIC,20190911,111500,112500,2019-09-11 11:15:00,2019-09-11 11:25:00,26926.0,27057.0,1,129.0,6450.0,10,take_profit,ORB_FILTERED,TREND
val,ORB_FILTERED_HYBRID_BASIC,20190911,112600,113500,2019-09-11 11:26:00,2019-09-11 11:35:00,27030.0,27069.0,1,37.0,1850.0,9,regime_extreme,ORB_FILTERED,TREND
val,ORB_FILTERED_HYBRID_BASIC,20190912,101600,150000,2019-09-12 10:16:00,2019-09-12 15:00:00,27049.0,27134.0,-1,-87.0,-4350.0,224,stop_loss,ORB_FILTERED,TREND
val,ORB_FILTERED_HYBRID_BASIC,20190913,133400,152900,2019-09-13 13:34:00,2019-09-13 15:29:00,27245.0,27368.0,1,121.0,6050.0,115,take_profit,ORB_FILTERED,TREND
val,ORB_FILTERED_HYBRID_BASIC,20190913,153000,162900,2019-09-13 15:30:00,2019-09-13 16:29:00,27382.0,27307.0,1,-77.0,-3850.0,59,session_end,ORB_FILTERED,TREND
val,ORB_FILTERED_HYBRID_BASIC,20190917,131500,162900,2019-09-17 13:15:00,2019-09-17 16:29:00,26802.0,26764.0,-1,36.0,1800.0,194,session_end,ORB_FILTERED,TREND
val,ORB_FILTERED_HYBRID_BASIC,20190919,102000,105900,2019-09-19 10:20:00,2019-09-19 10:59:00,26554.0,26435.0,-1,117.0,5850.0,39,take_profit,ORB_FILTERED,TREND
val,ORB_FILTERED_HYBRID_BASIC,20190919,160200,162900,2019-09-19 16:02:00,2019-09-19 16:29:00,26479.0,26496.0,-1,-19.0,-950.0,27,session_end,ORB_FILTERED,TREND
val,ORB_FILTERED_HYBRID_BASIC,20190923,160900,162900,2019-09-23 16:09:00,2019-09-23 16:29:00,26202.0,26141.0,-1,59.0,2950.0,20,session_end,ORB_FILTERED,TREND
val,ORB_FILTERED_HYBRID_BASIC,20190930,131100,154000,2019-09-30 13:11:00,2019-09-30 15:40:00,26145.0,26059.0,1,-88.0,-4400.0,149,stop_loss,ORB_FILTERED,TREND
val,ORB_FILTERED_HYBRID_BASIC,20191002,130700,162900,2019-10-02 13:07:00,2019-10-02 16:29:00,26026.0,25958.0,1,-70.0,-3500.0,202,session_end,ORB_FILTERED,TREND
val,ORB_FILTERED_HYBRID_BASIC,20191003,101500,145400,2019-10-03 10:15:00,2019-10-03 14:54:00,25910.0,26078.0,1,166.0,8300.0,219,take_profit,ORB_FILTERED,TREND
val,ORB_FILTERED_HYBRID_BASIC,20191003,145600,145900,2019-10-03 14:56:00,2019-10-03 14:59:00,26097.0,26208.0,1,109.0,5450.0,3,regime_extreme,ORB_FILTERED,TREND
val,ORB_FILTERED_HYBRID_BASIC,20191004,110100,131100,2019-10-04 11:01:00,2019-10-04 13:11:00,25932.0,26015.0,-1,-85.0,-4250.0,70,stop_loss,ORB_FILTERED,TREND
val,ORB_FILTERED_HYBRID_BASIC,20191004,140200,141200,2019-10-04 14:02:00,2019-10-04 14:12:00,25833.0,25695.0,-1,136.0,6800.0,10,take_profit,ORB_FILTERED,TREND
val,ORB_FILTERED_HYBRID_BASIC,20191004,141300,144600,2019-10-04 14:13:00,2019-10-04 14:46:00,25701.0,25752.0,-1,-53.0,-2650.0,33,regime_extreme,ORB_FILTERED,TREND
val,ORB_FILTERED_HYBRID_BASIC,20191008,101700,110600,2019-10-08 10:17:00,2019-10-08 11:06:00,26071.0,26188.0,1,115.0,5750.0,49,take_profit,ORB_FILTERED,TREND
val,ORB_FILTERED_HYBRID_BASIC,20191008,115900,132200,2019-10-08 11:59:00,2019-10-08 13:22:00,26012.0,25908.0,1,-106.0,-5300.0,23,stop_loss,ORB_FILTERED,TREND
val,ORB_FILTERED_HYBRID_BASIC,20191008,132300,162900,2019-10-08 13:23:00,2019-10-08 16:29:00,25911.0,25861.0,1,-52.0,-2600.0,186,session_end,ORB_FILTERED,TREND
val,ORB_FILTERED_HYBRID_BASIC,20191011,112200,131000,2019-10-11 11:22:00,2019-10-11 13:10:00,26273.0,26438.0,1,163.0,8150.0,48,take_profit,ORB_FILTERED,TREND
val,ORB_FILTERED_HYBRID_BASIC,20191011,131100,140500,2019-10-11 13:11:00,2019-10-11 14:05:00,26423.0,26338.0,1,-87.0,-4350.0,54,stop_loss,ORB_FILTERED,TREND
val,ORB_FILTERED_HYBRID_BASIC,20191018,111300,151100,2019-10-18 11:13:00,2019-10-18 15:11:00,26802.0,26685.0,-1,115.0,5750.0,178,take_profit,ORB_FILTERED,TREND
val,ORB_FILTERED_HYBRID_BASIC,20191023,101600,103600,2019-10-23 10:16:00,2019-10-23 10:36:00,26557.0,26645.0,-1,-90.0,-4500.0,20,stop_loss,ORB_FILTERED,TREND
val,ORB_FILTERED_HYBRID_BASIC,20191028,111500,130100,2019-10-28 11:15:00,2019-10-28 13:01:00,27020.0,26937.0,1,-85.0,-4250.0,46,stop_loss,ORB_FILTERED,TREND
val,ORB_FILTERED_HYBRID_BASIC,20191101,101900,112700,2019-11-01 10:19:00,2019-11-01 11:27:00,26947.0,27077.0,1,128.0,6400.0,68,take_profit,ORB_FILTERED,TREND
val,ORB_FILTERED_HYBRID_BASIC,20191106,150700,162900,2019-11-06 15:07:00,2019-11-06 16:29:00,27688.0,27732.0,1,42.0,2100.0,82,session_end,ORB_FILTERED,TREND
val,ORB_FILTERED_HYBRID_BASIC,20191107,152400,153200,2019-11-07 15:24:00,2019-11-07 15:32:00,27741.0,27875.0,1,132.0,6600.0,8,take_profit,ORB_FILTERED,TREND
val,ORB_FILTERED_HYBRID_BASIC,20191107,153300,154000,2019-11-07 15:33:00,2019-11-07 15:40:00,27935.0,27843.0,1,-94.0,-4700.0,7,stop_loss,ORB_FILTERED,TREND
val,ORB_FILTERED_HYBRID_BASIC,20191107,154100,155500,2019-11-07 15:41:00,2019-11-07 15:55:00,27839.0,27746.0,1,-95.0,-4750.0,14,stop_loss,ORB_FILTERED,TREND
val,ORB_FILTERED_HYBRID_BASIC,20191111,104500,141400,2019-11-11 10:45:00,2019-11-11 14:14:00,27014.0,26892.0,-1,120.0,6000.0,149,take_profit,ORB_FILTERED,TREND
val,ORB_FILTERED_HYBRID_BASIC,20191111,141500,162200,2019-11-11 14:15:00,2019-11-11 16:22:00,26882.0,26999.0,-1,-119.0,-5950.0,127,stop_loss,ORB_FILTERED,TREND
val,ORB_FILTERED_HYBRID_BASIC,20191111,162300,162900,2019-11-11 16:23:00,2019-11-11 16:29:00,26997.0,27001.0,-1,-6.0,-300.0,6,session_end,ORB_FILTERED,TREND
val,ORB_FILTERED_HYBRID_BASIC,20191114,145900,151600,2019-11-14 14:59:00,2019-11-14 15:16:00,26228.0,26317.0,-1,-91.0,-4550.0,17,stop_loss,ORB_FILTERED,TREND
val,ORB_FILTERED_HYBRID_BASIC,20191118,101500,131100,2019-11-18 10:15:00,2019-11-18 13:11:00,26636.0,26510.0,1,-128.0,-6400.0,116,stop_loss,ORB_FILTERED,TREND
val,ORB_FILTERED_HYBRID_BASIC,20191119,101500,135600,2019-11-19 10:15:00,2019-11-19 13:56:00,26894.0,27012.0,1,116.0,5800.0,161,take_profit,ORB_FILTERED,TREND
val,ORB_FILTERED_HYBRID_BASIC,20191211,142400,162900,2019-12-11 14:24:00,2019-12-11 16:29:00,26654.0,26652.0,1,-4.0,-200.0,125,session_end,ORB_FILTERED,TREND
val,ORB_FILTERED_HYBRID_BASIC,20191217,133700,141400,2019-12-17 13:37:00,2019-12-17 14:14:00,27915.0,27832.0,1,-85.0,-4250.0,37,stop_loss,ORB_FILTERED,TREND
test,ORB_FILTERED_HYBRID_BASIC,20200102,102100,162900,2020-01-02 10:21:00,2020-01-02 16:29:00,28540.0,28594.0,1,52.0,2600.0,308,session_end,ORB_FILTERED,TREND
test,ORB_FILTERED_HYBRID_BASIC,20200103,103200,131100,2020-01-03 10:32:00,2020-01-03 13:11:00,28600.0,28473.0,-1,125.0,6250.0,99,take_profit,ORB_FILTERED,TREND
test,ORB_FILTERED_HYBRID_BASIC,20200106,140700,141600,2020-01-06 14:07:00,2020-01-06 14:16:00,28242.0,28111.0,-1,129.0,6450.0,9,take_profit,ORB_FILTERED,TREND
test,ORB_FILTERED_HYBRID_BASIC,20200106,141700,145700,2020-01-06 14:17:00,2020-01-06 14:57:00,28115.0,28196.0,-1,-83.0,-4150.0,40,stop_loss,ORB_FILTERED,TREND
test,ORB_FILTERED_HYBRID_BASIC,20200109,155600,162900,2020-01-09 15:56:00,2020-01-09 16:29:00,28621.0,28619.0,1,-4.0,-200.0,33,session_end,ORB_FILTERED,TREND
test,ORB_FILTERED_HYBRID_BASIC,20200113,110200,113500,2020-01-13 11:02:00,2020-01-13 11:35:00,28997.0,28914.0,1,-85.0,-4250.0,33,stop_loss,ORB_FILTERED,TREND
test,ORB_FILTERED_HYBRID_BASIC,20200114,113000,162900,2020-01-14 11:30:00,2020-01-14 16:29:00,28929.0,28815.0,-1,112.0,5600.0,239,session_end,ORB_FILTERED,TREND
test,ORB_FILTERED_HYBRID_BASIC,20200115,103800,162900,2020-01-15 10:38:00,2020-01-15 16:29:00,28749.0,28767.0,-1,-20.0,-1000.0,291,session_end,ORB_FILTERED,TREND
test,ORB_FILTERED_HYBRID_BASIC,20200117,160900,162900,2020-01-17 16:09:00,2020-01-17 16:29:00,29072.0,29063.0,1,-11.0,-550.0,20,session_end,ORB_FILTERED,TREND
test,ORB_FILTERED_HYBRID_BASIC,20200120,160100,162900,2020-01-20 16:01:00,2020-01-20 16:29:00,28787.0,28707.0,-1,78.0,3900.0,28,session_end,ORB_FILTERED,TREND
test,ORB_FILTERED_HYBRID_BASIC,20200122,105800,110600,2020-01-22 10:58:00,2020-01-22 11:06:00,28244.0,28151.0,1,-95.0,-4750.0,8,stop_loss,ORB_FILTERED,TREND
test,ORB_FILTERED_HYBRID_BASIC,20200123,130400,154700,2020-01-23 13:04:00,2020-01-23 15:47:00,27781.0,27864.0,-1,-85.0,-4250.0,163,stop_loss,ORB_FILTERED,TREND
test,ORB_FILTERED_HYBRID_BASIC,20200130,104700,111500,2020-01-30 10:47:00,2020-01-30 11:15:00,26680.0,26771.0,-1,-93.0,-4650.0,28,stop_loss,ORB_FILTERED,TREND
test,ORB_FILTERED_HYBRID_BASIC,20200130,131500,150400,2020-01-30 13:15:00,2020-01-30 15:04:00,26544.0,26417.0,-1,125.0,6250.0,109,take_profit,ORB_FILTERED,TREND
test,ORB_FILTERED_HYBRID_BASIC,20200130,151900,160000,2020-01-30 15:19:00,2020-01-30 16:00:00,26307.0,26390.0,-1,-85.0,-4250.0,41,stop_loss,ORB_FILTERED,TREND
test,ORB_FILTERED_HYBRID_BASIC,20200131,140100,162900,2020-01-31 14:01:00,2020-01-31 16:29:00,26324.0,26252.0,-1,70.0,3500.0,148,session_end,ORB_FILTERED,TREND
test,ORB_FILTERED_HYBRID_BASIC,20200206,130200,130700,2020-02-06 13:02:00,2020-02-06 13:07:00,27392.0,27471.0,1,77.0,3850.0,5,regime_extreme,ORB_FILTERED,TREND
test,ORB_FILTERED_HYBRID_BASIC,20200206,150600,162900,2020-02-06 15:06:00,2020-02-06 16:29:00,27357.0,27372.0,1,13.0,650.0,83,session_end,ORB_FILTERED,TREND
test,ORB_FILTERED_HYBRID_BASIC,20200217,101500,115600,2020-02-17 10:15:00,2020-02-17 11:56:00,27957.0,27873.0,1,-86.0,-4300.0,101,stop_loss,ORB_FILTERED,TREND
test,ORB_FILTERED_HYBRID_BASIC,20200218,112100,162900,2020-02-18 11:21:00,2020-02-18 16:29:00,27475.0,27432.0,-1,41.0,2050.0,248,session_end,ORB_FILTERED,TREND
test,ORB_FILTERED_HYBRID_BASIC,20200219,101800,105500,2020-02-19 10:18:00,2020-02-19 10:55:00,27628.0,27537.0,1,-93.0,-4650.0,37,stop_loss,ORB_FILTERED,TREND
test,ORB_FILTERED_HYBRID_BASIC,20200220,104000,134800,2020-02-20 10:40:00,2020-02-20 13:48:00,27330.0,27440.0,-1,-112.0,-5600.0,128,stop_loss,ORB_FILTERED,TREND
test,ORB_FILTERED_HYBRID_BASIC,20200227,150100,153400,2020-02-27 15:01:00,2020-02-27 15:34:00,26632.0,26756.0,1,122.0,6100.0,33,take_profit,ORB_FILTERED,TREND
test,ORB_FILTERED_HYBRID_BASIC,20200227,153500,161000,2020-02-27 15:35:00,2020-02-27 16:10:00,26777.0,26665.0,1,-114.0,-5700.0,35,stop_loss,ORB_FILTERED,TREND
test,ORB_FILTERED_HYBRID_BASIC,20200303,135200,151500,2020-03-03 13:52:00,2020-03-03 15:15:00,26282.0,26363.0,-1,-83.0,-4150.0,83,stop_loss,ORB_FILTERED,TREND
test,ORB_FILTERED_HYBRID_BASIC,20200303,151600,160900,2020-03-03 15:16:00,2020-03-03 16:09:00,26357.0,26226.0,-1,129.0,6450.0,53,take_profit,ORB_FILTERED,TREND
test,ORB_FILTERED_HYBRID_BASIC,20200305,132900,162900,2020-03-05 13:29:00,2020-03-05 16:29:00,26658.0,26685.0,1,25.0,1250.0,180,session_end,ORB_FILTERED,TREND
test,ORB_FILTERED_HYBRID_BASIC,20200309,152700,160900,2020-03-09 15:27:00,2020-03-09 16:09:00,24903.0,25005.0,-1,-104.0,-5200.0,42,stop_loss,ORB_FILTERED,TREND
test,ORB_FILTERED_HYBRID_BASIC,20200331,162700,162900,2020-03-31 16:27:00,2020-03-31 16:29:00,23712.0,23726.0,1,12.0,600.0,2,session_end,ORB_FILTERED,TREND
test,ORB_FILTERED_HYBRID_BASIC,20200401,134300,134600,2020-04-01 13:43:00,2020-04-01 13:46:00,23132.0,23138.0,-1,-8.0,-400.0,3,regime_extreme,ORB_FILTERED,TREND
test,ORB_FILTERED_HYBRID_BASIC,20200406,134400,135600,2020-04-06 13:44:00,2020-04-06 13:56:00,23770.0,23783.0,1,11.0,550.0,12,regime_extreme,ORB_FILTERED,TREND
test,ORB_FILTERED_HYBRID_BASIC,20200406,140300,145300,2020-04-06 14:03:00,2020-04-06 14:53:00,23800.0,23718.0,1,-84.0,-4200.0,50,stop_loss,ORB_FILTERED,TREND
test,ORB_FILTERED_HYBRID_BASIC,20200407,162800,162900,2020-04-07 16:28:00,2020-04-07 16:29:00,24418.0,24421.0,1,1.0,50.0,1,session_end,ORB_FILTERED,TREND
test,ORB_FILTERED_HYBRID_BASIC,20200415,104700,110300,2020-04-15 10:47:00,2020-04-15 11:03:00,24294.0,24385.0,-1,-93.0,-4650.0,16,stop_loss,ORB_FILTERED,TREND
test,ORB_FILTERED_HYBRID_BASIC,20200415,140800,153100,2020-04-15 14:08:00,2020-04-15 15:31:00,24269.0,24152.0,-1,115.0,5750.0,83,take_profit,ORB_FILTERED,TREND
test,ORB_FILTERED_HYBRID_BASIC,20200415,155500,162900,2020-04-15 15:55:00,2020-04-15 16:29:00,24059.0,24051.0,-1,6.0,300.0,34,session_end,ORB_FILTERED,TREND
test,ORB_FILTERED_HYBRID_BASIC,20200416,150600,151600,2020-04-16 15:06:00,2020-04-16 15:16:00,24107.0,24025.0,1,-84.0,-4200.0,10,stop_loss,ORB_FILTERED,TREND
test,ORB_FILTERED_HYBRID_BASIC,20200422,133100,144500,2020-04-22 13:31:00,2020-04-22 14:45:00,23759.0,23878.0,1,117.0,5850.0,74,take_profit,ORB_FILTERED,TREND
test,ORB_FILTERED_HYBRID_BASIC,20200423,104500,105200,2020-04-23 10:45:00,2020-04-23 10:52:00,23768.0,23852.0,-1,-86.0,-4300.0,7,stop_loss,ORB_FILTERED,TREND
test,ORB_FILTERED_HYBRID_BASIC,20200428,110100,141900,2020-04-28 11:01:00,2020-04-28 14:19:00,24326.0,24449.0,1,121.0,6050.0,138,take_profit,ORB_FILTERED,TREND
test,ORB_FILTERED_HYBRID_BASIC,20200428,161400,162900,2020-04-28 16:14:00,2020-04-28 16:29:00,24546.0,24567.0,1,19.0,950.0,15,session_end,ORB_FILTERED,TREND
test,ORB_FILTERED_HYBRID_BASIC,20200512,143400,151200,2020-05-12 14:34:00,2020-05-12 15:12:00,24022.0,24120.0,-1,-100.0,-5000.0,38,stop_loss,ORB_FILTERED,TREND
test,ORB_FILTERED_HYBRID_BASIC,20200513,104300,155400,2020-05-13 10:43:00,2020-05-13 15:54:00,24177.0,24096.0,1,-83.0,-4150.0,251,stop_loss,ORB_FILTERED,TREND
test,ORB_FILTERED_HYBRID_BASIC,20200513,155600,162900,2020-05-13 15:56:00,2020-05-13 16:29:00,24090.0,24059.0,1,-33.0,-1650.0,33,session_end,ORB_FILTERED,TREND
test,ORB_FILTERED_HYBRID_BASIC,20200515,130300,134400,2020-05-15 13:03:00,2020-05-15 13:44:00,23861.0,23772.0,1,-91.0,-4550.0,41,stop_loss,ORB_FILTERED,TREND
test,ORB_FILTERED_HYBRID_BASIC,20200518,160100,162900,2020-05-18 16:01:00,2020-05-18 16:29:00,23902.0,23924.0,1,20.0,1000.0,28,session_end,ORB_FILTERED,TREND
test,ORB_FILTERED_HYBRID_BASIC,20200522,114800,130100,2020-05-22 11:48:00,2020-05-22 13:01:00,23106.0,23026.0,-1,78.0,3900.0,13,regime_extreme,ORB_FILTERED,TREND
test,ORB_FILTERED_HYBRID_BASIC,20200522,151600,153300,2020-05-22 15:16:00,2020-05-22 15:33:00,22783.0,22871.0,-1,-90.0,-4500.0,17,stop_loss,ORB_FILTERED,TREND
test,ORB_FILTERED_HYBRID_BASIC,20200525,145300,162900,2020-05-25 14:53:00,2020-05-25 16:29:00,22874.0,22894.0,1,18.0,900.0,96,session_end,ORB_FILTERED,TREND
test,ORB_FILTERED_HYBRID_BASIC,20200526,143300,153200,2020-05-26 14:33:00,2020-05-26 15:32:00,23479.0,23392.0,1,-89.0,-4450.0,59,stop_loss,ORB_FILTERED,TREND
test,ORB_FILTERED_HYBRID_BASIC,20200527,133800,162900,2020-05-27 13:38:00,2020-05-27 16:29:00,23167.0,23196.0,-1,-31.0,-1550.0,171,session_end,ORB_FILTERED,TREND
test,ORB_FILTERED_HYBRID_BASIC,20200528,113600,115100,2020-05-28 11:36:00,2020-05-28 11:51:00,22747.0,22724.0,-1,21.0,1050.0,15,regime_extreme,ORB_FILTERED,TREND
test,ORB_FILTERED_HYBRID_BASIC,20200528,115400,115700,2020-05-28 11:54:00,2020-05-28 11:57:00,22683.0,22663.0,-1,18.0,900.0,3,regime_extreme,ORB_FILTERED,TREND
test,ORB_FILTERED_HYBRID_BASIC,20200528,115800,130100,2020-05-28 11:58:00,2020-05-28 13:01:00,22657.0,22594.0,-1,61.0,3050.0,3,regime_extreme,ORB_FILTERED,TREND
test,ORB_FILTERED_HYBRID_BASIC,20200604,160900,162900,2020-06-04 16:09:00,2020-06-04 16:29:00,24292.0,24294.0,-1,-4.0,-200.0,20,session_end,ORB_FILTERED,TREND
test,ORB_FILTERED_HYBRID_BASIC,20200605,135300,150800,2020-06-05 13:53:00,2020-06-05 15:08:00,24423.0,24546.0,1,121.0,6050.0,75,take_profit,ORB_FILTERED,TREND
test,ORB_FILTERED_HYBRID_BASIC,20200605,151200,160100,2020-06-05 15:12:00,2020-06-05 16:01:00,24645.0,24772.0,1,125.0,6250.0,49,take_profit,ORB_FILTERED,TREND
test,ORB_FILTERED_HYBRID_BASIC,20200605,160200,161000,2020-06-05 16:02:00,2020-06-05 16:10:00,24775.0,24690.0,1,-87.0,-4350.0,8,stop_loss,ORB_FILTERED,TREND
test,ORB_FILTERED_HYBRID_BASIC,20200608,131300,162900,2020-06-08 13:13:00,2020-06-08 16:29:00,24667.0,24731.0,-1,-66.0,-3300.0,196,session_end,ORB_FILTERED,TREND
test,ORB_FILTERED_HYBRID_BASIC,20200609,101600,102900,2020-06-09 10:16:00,2020-06-09 10:29:00,25057.0,24944.0,1,-115.0,-5750.0,13,stop_loss,ORB_FILTERED,TREND
