split,strategy,variant,family,params_id,params_json,cumulative_pnl_points,cumulative_pnl_hkd,sharpe_ratio,max_drawdown_points,num_trades,trades_per_day,win_rate,avg_pnl_per_trade,profit_factor,avg_holding_bars,score
train,ORB_FILTERED_HYBRID_BASIC,ORB_FILTERED_HYBRID_BASIC,A_ORB_FILTERED_HYBRID,orb_filtered_hybrid_basic_001,"{""buffer_points"": 10, ""er_threshold"": 0.35, ""er_window"": 60, ""extreme_action"": ""close"", ""extreme_vol_quantile"": 0.95, ""extreme_vol_threshold"": 0.005451382834876, ""forced_exit_time"": 162800, ""max_daily_loss"": 200, ""max_trades"": 3, ""min_std_threshold"": 5, ""opening_window"": 30, ""rolling_window"": 120, ""rv_window"": 60, ""stop_loss_points"": 80, ""take_profit_points"": 120, ""use_vwap"": true, ""z_entry"": 2.5, ""z_exit"": 0.25}",2739.0,136950.0,1.3512992957881953,-584.0,279,0.5740740740740741,0.4946236559139785,9.817204301075268,1.282225656877898,70.15412186379929,1.3823371914891514
train,ORB_FILTERED_HYBRID_BASIC,ORB_FILTERED_HYBRID_BASIC,A_ORB_FILTERED_HYBRID,orb_filtered_hybrid_basic_002,"{""buffer_points"": 10, ""er_threshold"": 0.45, ""er_window"": 60, ""extreme_action"": ""close"", ""extreme_vol_quantile"": 0.95, ""extreme_vol_threshold"": 0.005451382834876, ""forced_exit_time"": 162800, ""max_daily_loss"": 200, ""max_trades"": 3, ""min_std_threshold"": 5, ""opening_window"": 30, ""rolling_window"": 120, ""rv_window"": 60, ""stop_loss_points"": 80, ""take_profit_points"": 120, ""use_vwap"": true, ""z_entry"": 2.5, ""z_exit"": 0.25}",152.0,7600.0,0.16437669460989976,-840.0,54,0.1111111111111111,0.46296296296296297,2.814814814814815,1.0755842864246643,66.88888888888889,0.19549498843828805
train,ORB_FILTERED_HYBRID_CONFIRM,ORB_FILTERED_HYBRID_CONFIRM,A_ORB_FILTERED_HYBRID,orb_filtered_hybrid_confirm_001,"{""buffer_points"": 10, ""er_threshold"": 0.35, ""er_window"": 60, ""extreme_action"": ""close"", ""extreme_vol_quantile"": 0.95, ""extreme_vol_threshold"": 0.005451382834876, ""forced_exit_time"": 162800, ""max_daily_loss"": 200, ""max_trades"": 3, ""min_std_threshold"": 5, ""opening_window"": 30, ""rolling_window"": 120, ""rv_window"": 60, ""stop_loss_points"": 80, ""take_profit_points"": 120, ""use_two_bar_confirmation"": true, ""use_vwap"": true, ""z_entry"": 2.5, ""z_exit"": 0.25}",2634.0,131700.0,1.324676019020112,-548.0,273,0.5617283950617284,0.4835164835164835,9.648351648351648,1.2758404021363494,70.83882783882784,1.3662040207887671
train,ORB_FILTERED_HYBRID_CONFIRM,ORB_FILTERED_HYBRID_CONFIRM,A_ORB_FILTERED_HYBRID,orb_filtered_hybrid_confirm_002,"{""buffer_points"": 10, ""er_threshold"": 0.35, ""er_window"": 60, ""extreme_action"": ""close"", ""extreme_vol_quantile"": 0.95, ""extreme_vol_threshold"": 0.005451382834876, ""forced_exit_time"": 162800, ""max_daily_loss"": 200, ""max_trades"": 3, ""min_std_threshold"": 5, ""opening_window"": 30, ""rolling_window"": 120, ""rv_window"": 60, ""stop_loss_points"": 80, ""take_profit_points"": 120, ""use_volume_filter"": true, ""use_vwap"": true, ""volume_multiplier"": 1.0, ""volume_window"": 30, ""z_entry"": 2.5, ""z_exit"": 0.25}",2473.0,123650.0,1.209912946610354,-761.0,246,0.5061728395061729,0.491869918699187,10.052845528455284,1.285466928315826,68.54471544715447,1.2144864688127672
train,ORB_FILTERED_HYBRID_CONFIRM,ORB_FILTERED_HYBRID_CONFIRM,A_ORB_FILTERED_HYBRID,orb_filtered_hybrid_confirm_003,"{""buffer_points"": 10, ""er_threshold"": 0.35, ""er_window"": 60, ""extreme_action"": ""close"", ""extreme_vol_quantile"": 0.95, ""extreme_vol_threshold"": 0.005451382834876, ""forced_exit_time"": 162800, ""max_daily_loss"": 200, ""max_trades"": 3, ""min_std_threshold"": 5, ""opening_window"": 30, ""rolling_window"": 120, ""rv_window"": 60, ""stop_loss_points"": 80, ""take_profit_points"": 120, ""use_two_bar_confirmation"": true, ""use_volume_filter"": true, ""use_vwap"": true, ""volume_multiplier"": 1.0, ""volume_window"": 30, ""z_entry"": 2.5, ""z_exit"": 0.25}",2429.0,121450.0,1.2066637425904996,-760.0,240,0.49382716049382713,0.4875,10.120833333333334,1.2858655996233965,68.67083333333333,1.214673352372892
train,ORB_FILTERED_HYBRID_STRICT_TREND,ORB_FILTERED_HYBRID_STRICT_TREND,A_ORB_FILTERED_HYBRID,orb_filtered_hybrid_strict_trend_001,"{""buffer_points"": 10, ""er_margin"": 0.0, ""er_threshold"": 0.35, ""er_window"": 60, ""extreme_action"": ""close"", ""extreme_vol_quantile"": 0.95, ""extreme_vol_threshold"": 0.005451382834876, ""forced_exit_time"": 162800, ""max_daily_loss"": 200, ""max_trades"": 3, ""min_std_threshold"": 5, ""opening_window"": 30, ""rolling_window"": 120, ""rv_window"": 60, ""stop_loss_points"": 80, ""take_profit_points"": 120, ""use_vwap"": true, ""z_entry"": 2.5, ""z_exit"": 0.25}",2739.0,136950.0,1.3512992957881953,-584.0,279,0.5740740740740741,0.4946236559139785,9.817204301075268,1.282225656877898,70.15412186379929,1.3823371914891514
train,ORB_FILTERED_HYBRID_STRICT_TREND,ORB_FILTERED_HYBRID_STRICT_TREND,A_ORB_FILTERED_HYBRID,orb_filtered_hybrid_strict_trend_002,"{""buffer_points"": 10, ""er_margin"": 0.05, ""er_threshold"": 0.35, ""er_window"": 60, ""extreme_action"": ""close"", ""extreme_vol_quantile"": 0.95, ""extreme_vol_threshold"": 0.005451382834876, ""forced_exit_time"": 162800, ""max_daily_loss"": 200, ""max_trades"": 3, ""min_std_threshold"": 5, ""opening_window"": 30, ""rolling_window"": 120, ""rv_window"": 60, ""stop_loss_points"": 80, ""take_profit_points"": 120, ""use_vwap"": true, ""z_entry"": 2.5, ""z_exit"": 0.25}",-78.0,-3900.0,-0.058393281403243284,-883.0,136,0.27983539094650206,0.4411764705882353,-0.5735294117647058,0.9847864248098304,73.53676470588235,-0.10290552293741123
train,ORB_ONLY_CONFIRM,ORB_ONLY_CONFIRM,B_ORB_ONLY_IMPROVED,orb_only_confirm_001,"{""buffer_points"": 20, ""er_threshold"": 0.35, ""er_window"": 60, ""extreme_action"": ""close"", ""extreme_vol_quantile"": 0.9, ""forced_exit_time"": 162800, ""max_daily_loss"": 200, ""max_trades"": 1, ""min_std_threshold"": 5, ""opening_window"": 30, ""rolling_window"": 60, ""rv_window"": 60, ""stop_loss_points"": 80, ""take_profit_points"": 120, ""use_two_bar_confirmation"": true, ""use_vwap"": true, ""z_entry"": 2.0, ""z_exit"": 0.25}",266.0,13300.0,0.08900798223658506,-2019.0,448,0.9218106995884774,0.43526785714285715,0.59375,1.0123720930232558,97.41741071428571,-0.39310166940472036
train,ORB_ONLY_CONFIRM,ORB_ONLY_CONFIRM,B_ORB_ONLY_IMPROVED,orb_only_confirm_002,"{""buffer_points"": 20, ""er_threshold"": 0.35, ""er_window"": 60, ""extreme_action"": ""close"", ""extreme_vol_quantile"": 0.9, ""forced_exit_time"": 162800, ""max_daily_loss"": 200, ""max_trades"": 1, ""min_std_threshold"": 5, ""opening_window"": 30, ""rolling_window"": 60, ""rv_window"": 60, ""stop_loss_points"": 80, ""take_profit_points"": 180, ""use_two_bar_confirmation"": true, ""use_vwap"": true, ""z_entry"": 2.0, ""z_exit"": 0.25}",1796.0,89800.0,0.5200098927218385,-1792.0,448,0.9218106995884774,0.4017857142857143,4.008928571428571,1.0793111062044602,122.12276785714286,0.11138499437583421
train,ORB_ONLY_CONFIRM,ORB_ONLY_CONFIRM,B_ORB_ONLY_IMPROVED,orb_only_confirm_003,"{""buffer_points"": 20, ""er_threshold"": 0.35, ""er_window"": 60, ""extreme_action"": ""close"", ""extreme_vol_quantile"": 0.9, ""forced_exit_time"": 162800, ""max_daily_loss"": 200, ""max_trades"": 1, ""min_std_threshold"": 5, ""opening_window"": 30, ""rolling_window"": 60, ""rv_window"": 60, ""stop_loss_points"": 120, ""take_profit_points"": 120, ""use_two_bar_confirmation"": true, ""use_vwap"": true, ""z_entry"": 2.0, ""z_exit"": 0.25}",2982.0,149100.0,0.8879725984926062,-1425.0,448,0.9218106995884774,0.5178571428571429,6.65625,1.1328877005347593,133.98660714285714,0.5844918487291766
train,ORB_ONLY_CONFIRM,ORB_ONLY_CONFIRM,B_ORB_ONLY_IMPROVED,orb_only_confirm_004,"{""buffer_points"": 20, ""er_threshold"": 0.35, ""er_window"": 60, ""extreme_action"": ""close"", ""extreme_vol_quantile"": 0.9, ""forced_exit_time"": 162800, ""max_daily_loss"": 200, ""max_trades"": 1, ""min_std_threshold"": 5, ""opening_window"": 30, ""rolling_window"": 60, ""rv_window"": 60, ""stop_loss_points"": 120, ""take_profit_points"": 180, ""use_two_bar_confirmation"": true, ""use_vwap"": true, ""z_entry"": 2.0, ""z_exit"": 0.25}",4722.0,236100.0,1.2279432246539466,-1427.0,448,0.9218106995884774,0.484375,10.540178571428571,1.1984450514814036,162.109375,0.9403518126271782
train,ORB_ONLY_VOLUME,ORB_ONLY_VOLUME,B_ORB_ONLY_IMPROVED,orb_only_volume_001,"{""buffer_points"": 20, ""er_threshold"": 0.35, ""er_window"": 60, ""extreme_action"": ""close"", ""extreme_vol_quantile"": 0.9, ""forced_exit_time"": 162800, ""max_daily_loss"": 200, ""max_trades"": 1, ""min_std_threshold"": 5, ""opening_window"": 30, ""rolling_window"": 60, ""rv_window"": 60, ""stop_loss_points"": 120, ""take_profit_points"": 180, ""use_volume_filter"": true, ""use_vwap"": true, ""volume_multiplier"": 1.0, ""volume_window"": 30, ""z_entry"": 2.0, ""z_exit"": 0.25}",4380.0,219000.0,1.125223425990086,-1264.0,453,0.9320987654320988,0.48344370860927155,9.668874172185431,1.1784695623828538,163.4150110375276,0.8708161252277746
train,ORB_ONLY_RANGE_FILTER,ORB_ONLY_RANGE_FILTER,B_ORB_ONLY_IMPROVED,orb_only_range_filter_001,"{""buffer_points"": 20, ""er_threshold"": 0.35, ""er_window"": 60, ""extreme_action"": ""close"", ""extreme_vol_quantile"": 0.9, ""forced_exit_time"": 162800, ""max_daily_loss"": 200, ""max_or_width_points"": 222.0, ""max_trades"": 1, ""min_std_threshold"": 5, ""opening_window"": 30, ""rolling_window"": 60, ""rv_window"": 60, ""stop_loss_points"": 120, ""take_profit_points"": 180, ""use_or_width_filter"": true, ""use_vwap"": true, ""z_entry"": 2.0, ""z_exit"": 0.25}",4578.0,228900.0,1.3368414881604358,-963.0,368,0.757201646090535,0.5,12.440217391304348,1.243058136448102,173.35326086956522,1.2175556107498275
train,ORB_ONLY_LOW_TURNOVER,ORB_ONLY_LOW_TURNOVER,B_ORB_ONLY_IMPROVED,orb_only_low_turnover_001,"{""buffer_points"": 20, ""cooldown_bars"": 30, ""er_threshold"": 0.35, ""er_window"": 60, ""extreme_action"": ""close"", ""extreme_vol_quantile"": 0.9, ""forced_exit_time"": 162800, ""max_daily_loss"": 200, ""max_trades"": 1, ""min_std_threshold"": 5, ""no_reentry_after_stop"": true, ""opening_window"": 30, ""rolling_window"": 60, ""rv_window"": 60, ""stop_loss_points"": 120, ""take_profit_points"": 180, ""use_vwap"": true, ""z_entry"": 2.0, ""z_exit"": 0.25}",4432.0,221600.0,1.1333309921454942,-1186.0,456,0.9382716049382716,0.48903508771929827,9.719298245614034,1.1788466970663007,164.5328947368421,0.8969747651775015
train,STRICT_MR_ONLY,STRICT_MR_ONLY,C_STRICT_MR,strict_mr_only_001,"{""buffer_points"": 10, ""er_threshold"": 0.35, ""er_window"": 60, ""extreme_action"": ""close"", ""extreme_vol_quantile"": 0.9, ""forced_exit_time"": 162800, ""low_rv_quantile"": 0.5, ""max_daily_loss"": 200, ""max_trades"": 1, ""min_std_threshold"": 5, ""opening_window"": 30, ""rolling_window"": 120, ""rv_window"": 60, ""stop_loss_points"": 80, ""strict_er_threshold"": 0.25, ""take_profit_points"": 120, ""use_vwap"": true, ""z_entry"": 2.5, ""z_exit"": 0.25}",-2459.0,-122950.0,-1.3936191644587872,-2722.0,363,0.7469135802469136,0.512396694214876,-6.774104683195592,0.7909546884298223,71.93112947658402,-2.0631088874130596
train,STRICT_MR_HYBRID,STRICT_MR_HYBRID,C_STRICT_MR,strict_mr_hybrid_001,"{""buffer_points"": 10, ""er_threshold"": 0.35, ""er_window"": 60, ""extreme_action"": ""close"", ""extreme_vol_quantile"": 0.95, ""extreme_vol_threshold"": 0.005451382834876, ""forced_exit_time"": 162800, ""low_rv_quantile"": 0.5, ""max_daily_loss"": 200, ""max_trades"": 2, ""min_std_threshold"": 5, ""opening_window"": 30, ""rolling_window"": 120, ""rv_window"": 60, ""stop_loss_points"": 80, ""strict_er_threshold"": 0.25, ""take_profit_points"": 120, ""use_vwap"": true, ""z_entry"": 2.5, ""z_exit"": 0.25}",-1447.0,-72350.0,-0.5570873923877394,-2721.0,632,1.300411522633745,0.49050632911392406,-2.2895569620253164,0.9317452830188679,69.99683544303798,-1.3295039522914585
train,LOW_TURNOVER_HYBRID,LOW_TURNOVER_HYBRID,D_LOW_TURNOVER_HYBRID,low_turnover_hybrid_001,"{""buffer_points"": 10, ""er_threshold"": 0.35, ""er_window"": 60, ""extreme_action"": ""close"", ""extreme_vol_quantile"": 0.95, ""extreme_vol_threshold"": 0.005451382834876, ""forced_exit_time"": 162800, ""max_daily_loss"": 200, ""max_trades"": 1, ""min_std_threshold"": 5, ""opening_window"": 30, ""rolling_window"": 120, ""rv_window"": 60, ""stop_loss_points"": 80, ""take_profit_points"": 120, ""use_vwap"": true, ""z_entry"": 2.5, ""z_exit"": 0.25}",-4910.0,-245500.0,-2.0791841983940125,-5833.0,472,0.9711934156378601,0.4915254237288136,-10.402542372881356,0.743012666178164,76.13347457627118,-3.5944793857589366
train,LOW_TURNOVER_HYBRID,LOW_TURNOVER_HYBRID,D_LOW_TURNOVER_HYBRID,low_turnover_hybrid_002,"{""buffer_points"": 10, ""cooldown_bars"": 30, ""er_threshold"": 0.35, ""er_window"": 60, ""extreme_action"": ""close"", ""extreme_vol_quantile"": 0.95, ""extreme_vol_threshold"": 0.005451382834876, ""forced_exit_time"": 162800, ""max_daily_loss"": 200, ""max_trades"": 2, ""min_std_threshold"": 5, ""opening_window"": 30, ""rolling_window"": 120, ""rv_window"": 60, ""stop_loss_points"": 80, ""take_profit_points"": 120, ""use_vwap"": true, ""z_entry"": 2.5, ""z_exit"": 0.25}",-5624.0,-281200.0,-2.012255657702079,-6761.0,775,1.5946502057613168,0.49290322580645163,-7.256774193548387,0.8036312849162012,69.8283870967742,-3.9002603879133573
train,LOW_TURNOVER_HYBRID,LOW_TURNOVER_HYBRID,D_LOW_TURNOVER_HYBRID,low_turnover_hybrid_003,"{""buffer_points"": 10, ""cooldown_bars"": 60, ""er_threshold"": 0.35, ""er_window"": 60, ""extreme_action"": ""close"", ""extreme_vol_quantile"": 0.95, ""extreme_vol_threshold"": 0.005451382834876, ""forced_exit_time"": 162800, ""max_daily_loss"": 200, ""max_trades"": 2, ""min_std_threshold"": 5, ""opening_window"": 30, ""rolling_window"": 120, ""rv_window"": 60, ""stop_loss_points"": 80, ""take_profit_points"": 120, ""use_vwap"": true, ""z_entry"": 2.5, ""z_exit"": 0.25}",-5704.0,-285200.0,-2.077291007912338,-6554.0,758,1.559670781893004,0.4947229551451187,-7.525065963060686,0.7948570401007014,68.78364116094987,-3.9069944433604133
train,LOW_TURNOVER_HYBRID,LOW_TURNOVER_HYBRID,D_LOW_TURNOVER_HYBRID,low_turnover_hybrid_004,"{""boundary_margin"": 0.05, ""buffer_points"": 10, ""er_threshold"": 0.35, ""er_window"": 60, ""extreme_action"": ""close"", ""extreme_vol_quantile"": 0.95, ""extreme_vol_threshold"": 0.005451382834876, ""forced_exit_time"": 162800, ""max_daily_loss"": 200, ""max_trades"": 2, ""min_std_threshold"": 5, ""opening_window"": 30, ""rolling_window"": 120, ""rv_window"": 60, ""stop_loss_points"": 80, ""take_profit_points"": 120, ""use_vwap"": true, ""z_entry"": 2.5, ""z_exit"": 0.25}",-7643.0,-382150.0,-2.6088747461236776,-8119.0,767,1.5781893004115226,0.47979139504563234,-9.964797913950456,0.7458771113179944,70.69491525423729,-4.84670279339706
train,LONG_OR_FLAT_FILTERED,LONG_OR_FLAT_FILTERED,E_DIRECTIONAL_LONG_FILTERS,long_or_flat_filtered_001,"{""buffer_points"": 10, ""close_on_extreme"": false, ""disable_take_profit"": true, ""er_threshold"": 0.35, ""er_window"": 60, ""extreme_action"": ""close"", ""extreme_vol_quantile"": 0.95, ""extreme_vol_threshold"": 0.005451382834876, ""forced_exit_time"": 162800, ""hold_to_close"": true, ""max_daily_loss"": 200, ""max_trades"": 1, ""min_opening_return_points"": 0, ""min_std_threshold"": 5, ""opening_window"": 30, ""require_close_above_vwap"": true, ""rolling_window"": 120, ""rv_window"": 60, ""stop_loss_points"": 160, ""take_profit_points"": 9999, ""use_vwap"": true, ""z_entry"": 2.5, ""z_exit"": 0.25}",1913.0,95650.0,0.42284449351932824,-2947.0,389,0.8004115226337448,0.493573264781491,4.917737789203085,1.0774838997124225,250.17223650385603,-0.24463741221100238
train,LONG_OR_FLAT_FILTERED,LONG_OR_FLAT_FILTERED,E_DIRECTIONAL_LONG_FILTERS,long_or_flat_filtered_002,"{""buffer_points"": 10, ""close_on_extreme"": false, ""disable_take_profit"": true, ""er_threshold"": 0.35, ""er_window"": 60, ""extreme_action"": ""close"", ""extreme_vol_quantile"": 0.95, ""extreme_vol_threshold"": 0.005451382834876, ""forced_exit_time"": 162800, ""hold_to_close"": true, ""max_daily_loss"": 200, ""max_trades"": 1, ""min_opening_return_points"": 20, ""min_std_threshold"": 5, ""opening_window"": 30, ""require_close_above_vwap"": true, ""rolling_window"": 120, ""rv_window"": 60, ""stop_loss_points"": 160, ""take_profit_points"": 9999, ""use_vwap"": true, ""z_entry"": 2.5, ""z_exit"": 0.25}",984.0,49200.0,0.22162953367595817,-3500.0,371,0.7633744855967078,0.5013477088948787,2.652291105121294,1.0406813295849182,242.6954177897574,-0.5840437553269893
train,LONG_OR_FLAT_FILTERED,LONG_OR_FLAT_FILTERED,E_DIRECTIONAL_LONG_FILTERS,long_or_flat_filtered_003,"{""buffer_points"": 0, ""close_on_extreme"": false, ""disable_take_profit"": true, ""er_threshold"": 0.35, ""er_window"": 60, ""extreme_action"": ""close"", ""extreme_vol_quantile"": 0.95, ""extreme_vol_threshold"": 0.005451382834876, ""forced_exit_time"": 162800, ""hold_to_close"": true, ""max_daily_loss"": 200, ""max_trades"": 1, ""min_opening_return_points"": 0, ""min_std_threshold"": 5, ""opening_window"": 30, ""require_up_breakout"": true, ""rolling_window"": 120, ""rv_window"": 60, ""stop_loss_points"": 160, ""take_profit_points"": 9999, ""use_vwap"": true, ""z_entry"": 2.5, ""z_exit"": 0.25}",286.0,14300.0,0.07544437092400413,-2949.0,308,0.6337448559670782,0.4707792207792208,0.9285714285714286,1.0150423394519539,225.66233766233765,-0.5664812582047769
train,LONG_OR_FLAT_FILTERED,LONG_OR_FLAT_FILTERED,E_DIRECTIONAL_LONG_FILTERS,long_or_flat_filtered_004,"{""buffer_points"": 10, ""close_on_extreme"": false, ""disable_take_profit"": true, ""er_threshold"": 0.35, ""er_window"": 60, ""extreme_action"": ""close"", ""extreme_vol_quantile"": 0.95, ""extreme_vol_threshold"": 0.005451382834876, ""forced_exit_time"": 162800, ""hold_to_close"": true, ""max_daily_loss"": 200, ""max_trades"": 1, ""min_er"": 0.25, ""min_opening_return_points"": 20, ""min_std_threshold"": 5, ""opening_window"": 30, ""rolling_window"": 120, ""rv_window"": 60, ""stop_loss_points"": 160, ""take_profit_points"": 9999, ""use_vwap"": true, ""z_entry"": 2.5, ""z_exit"": 0.25}",-1029.0,-51450.0,-0.3332298374481411,-2988.0,290,0.5967078189300411,0.43103448275862066,-3.5482758620689654,0.9307723358449946,188.61724137931034,-0.9967137082194029
train,LONG_OR_FLAT_FILTERED,LONG_OR_FLAT_FILTERED,E_DIRECTIONAL_LONG_FILTERS,long_or_flat_filtered_005,"{""buffer_points"": 10, ""close_on_extreme"": false, ""disable_take_profit"": true, ""er_threshold"": 0.35, ""er_window"": 60, ""extreme_action"": ""close"", ""extreme_vol_quantile"": 0.95, ""extreme_vol_threshold"": 0.005451382834876, ""forced_exit_time"": 162800, ""hold_to_close"": true, ""max_daily_loss"": 200, ""max_rv"": 0.0029592908805379154, ""max_trades"": 1, ""min_opening_return_points"": 0, ""min_std_threshold"": 5, ""opening_window"": 30, ""require_close_above_vwap"": true, ""rolling_window"": 120, ""rv_window"": 60, ""stop_loss_points"": 160, ""take_profit_points"": 9999, ""use_vwap"": true, ""z_entry"": 2.5, ""z_exit"": 0.25}",2453.0,122650.0,0.5557759949726704,-3060.0,372,0.7654320987654321,0.5,6.594086021505376,1.1064716350536048,247.5,-0.12396412095528642
train,LONG_ONLY_ORB,LONG_ONLY_ORB,E_DIRECTIONAL_LONG_FILTERS,long_only_orb_001,"{""buffer_points"": 0, ""er_threshold"": 0.35, ""er_window"": 60, ""extreme_action"": ""close"", ""extreme_vol_quantile"": 0.9, ""forced_exit_time"": 162800, ""max_daily_loss"": 200, ""max_trades"": 1, ""min_std_threshold"": 5, ""opening_window"": 30, ""rolling_window"": 60, ""rv_window"": 60, ""stop_loss_points"": 120, ""take_profit_points"": 180, ""use_vwap"": true, ""z_entry"": 2.0, ""z_exit"": 0.25}",347.0,17350.0,0.10981454227666884,-2532.0,308,0.6337448559670782,0.4577922077922078,1.1266233766233766,1.0197980259028927,156.80519480519482,-0.4266721652393775
train,LONG_ONLY_ORB,LONG_ONLY_ORB,E_DIRECTIONAL_LONG_FILTERS,long_only_orb_002,"{""buffer_points"": 10, ""er_threshold"": 0.35, ""er_window"": 60, ""extreme_action"": ""close"", ""extreme_vol_quantile"": 0.9, ""forced_exit_time"": 162800, ""max_daily_loss"": 200, ""max_trades"": 1, ""min_std_threshold"": 5, ""opening_window"": 30, ""rolling_window"": 60, ""rv_window"": 60, ""stop_loss_points"": 120, ""take_profit_points"": 180, ""use_vwap"": true, ""z_entry"": 2.0, ""z_exit"": 0.25}",801.0,40050.0,0.26020475824694206,-2210.0,291,0.5987654320987654,0.47079037800687284,2.752577319587629,1.0488742449203734,157.0,-0.17976803854765594
train,LONG_ONLY_ORB,LONG_ONLY_ORB,E_DIRECTIONAL_LONG_FILTERS,long_only_orb_003,"{""buffer_points"": 20, ""er_threshold"": 0.35, ""er_window"": 60, ""extreme_action"": ""close"", ""extreme_vol_quantile"": 0.9, ""forced_exit_time"": 162800, ""max_daily_loss"": 200, ""max_trades"": 1, ""min_std_threshold"": 5, ""opening_window"": 30, ""rolling_window"": 60, ""rv_window"": 60, ""stop_loss_points"": 120, ""take_profit_points"": 180, ""use_two_bar_confirmation"": true, ""use_vwap"": true, ""z_entry"": 2.0, ""z_exit"": 0.25}",2370.0,118500.0,0.825043750099141,-1836.0,261,0.5370370370370371,0.48659003831417624,9.080459770114942,1.1755295511776034,154.99233716475095,0.5256668786342825
train,LONG_ONLY_ORB,LONG_ONLY_ORB,E_DIRECTIONAL_LONG_FILTERS,long_only_orb_004,"{""buffer_points"": 10, ""er_threshold"": 0.35, ""er_window"": 60, ""extreme_action"": ""close"", ""extreme_vol_quantile"": 0.9, ""forced_exit_time"": 162800, ""max_daily_loss"": 200, ""max_trades"": 1, ""min_std_threshold"": 5, ""opening_window"": 30, ""rolling_window"": 60, ""rv_window"": 60, ""stop_loss_points"": 120, ""take_profit_points"": 180, ""use_volume_filter"": true, ""use_vwap"": true, ""volume_multiplier"": 1.0, ""volume_window"": 30, ""z_entry"": 2.0, ""z_exit"": 0.25}",1090.0,54500.0,0.3575430329348079,-2208.0,287,0.5905349794238683,0.4738675958188153,3.797909407665505,1.0682188008511704,157.87456445993033,-0.07503601170836666
train,ORB_TO_CLOSE,ORB_TO_CLOSE,E_DIRECTIONAL_LONG_FILTERS,orb_to_close_001,"{""buffer_points"": 0, ""disable_take_profit"": true, ""er_threshold"": 0.35, ""er_window"": 60, ""extreme_action"": ""close"", ""extreme_vol_quantile"": 0.9, ""forced_exit_time"": 162800, ""hold_to_close"": true, ""long_only"": true, ""max_daily_loss"": 200, ""max_trades"": 1, ""min_std_threshold"": 5, ""opening_window"": 30, ""rolling_window"": 60, ""rv_window"": 60, ""stop_loss_points"": 160, ""take_profit_points"": 9999, ""use_vwap"": true, ""z_entry"": 2.0, ""z_exit"": 0.25}",286.0,14300.0,0.07544437092400413,-2949.0,308,0.6337448559670782,0.4707792207792208,0.9285714285714286,1.0150423394519539,225.66233766233765,-0.5664812582047769
train,ORB_TO_CLOSE,ORB_TO_CLOSE,E_DIRECTIONAL_LONG_FILTERS,orb_to_close_002,"{""buffer_points"": 10, ""disable_take_profit"": true, ""er_threshold"": 0.35, ""er_window"": 60, ""extreme_action"": ""close"", ""extreme_vol_quantile"": 0.9, ""forced_exit_time"": 162800, ""hold_to_close"": true, ""long_only"": true, ""max_daily_loss"": 200, ""max_trades"": 1, ""min_std_threshold"": 5, ""opening_window"": 30, ""rolling_window"": 60, ""rv_window"": 60, ""stop_loss_points"": 160, ""take_profit_points"": 9999, ""use_vwap"": true, ""z_entry"": 2.0, ""z_exit"": 0.25}",409.0,20450.0,0.11225565640203365,-2620.0,291,0.5987654320987654,0.47766323024054985,1.4054982817869415,1.023103428797379,225.70103092783506,-0.436659844423313
train,ORB_TO_CLOSE,ORB_TO_CLOSE,E_DIRECTIONAL_LONG_FILTERS,orb_to_close_003,"{""buffer_points"": 20, ""disable_take_profit"": true, ""er_threshold"": 0.35, ""er_window"": 60, ""extreme_action"": ""close"", ""extreme_vol_quantile"": 0.9, ""forced_exit_time"": 162800, ""hold_to_close"": true, ""long_only"": true, ""max_daily_loss"": 200, ""max_trades"": 1, ""min_std_threshold"": 5, ""opening_window"": 30, ""rolling_window"": 60, ""rv_window"": 60, ""stop_loss_points"": 160, ""take_profit_points"": 9999, ""use_two_bar_confirmation"": true, ""use_vwap"": true, ""z_entry"": 2.0, ""z_exit"": 0.25}",1414.0,70700.0,0.4179778148790072,-1870.0,261,0.5370370370370371,0.48659003831417624,5.417624521072797,1.0950652144681996,220.9808429118774,0.0899848592367978
train,ORB_TO_CLOSE,ORB_TO_CLOSE,E_DIRECTIONAL_LONG_FILTERS,orb_to_close_004,"{""buffer_points"": 10, ""disable_take_profit"": true, ""er_threshold"": 0.35, ""er_window"": 60, ""extreme_action"": ""close"", ""extreme_vol_quantile"": 0.9, ""forced_exit_time"": 162800, ""hold_to_close"": true, ""long_only"": true, ""max_daily_loss"": 200, ""max_or_width_points"": 222.0, ""max_trades"": 1, ""min_std_threshold"": 5, ""opening_window"": 30, ""rolling_window"": 60, ""rv_window"": 60, ""stop_loss_points"": 160, ""take_profit_points"": 9999, ""use_or_width_filter"": true, ""use_vwap"": true, ""z_entry"": 2.0, ""z_exit"": 0.25}",2380.0,119000.0,0.735026024215002,-1617.0,237,0.4876543209876543,0.5021097046413502,10.042194092827005,1.1831050930912448,235.64556962025316,0.5046387172408996
train,EXTREME_TREND_FOLLOWING,EXTREME_TREND_FOLLOWING,E_DIRECTIONAL_LONG_FILTERS,extreme_trend_following_001,"{""buffer_points"": 10, ""close_on_extreme"": false, ""disable_take_profit"": true, ""er_threshold"": 0.35, ""er_window"": 60, ""extreme_action"": ""close"", ""extreme_vol_quantile"": 0.95, ""extreme_vol_threshold"": 0.005451382834876, ""forced_exit_time"": 162800, ""hold_to_close"": true, ""max_daily_loss"": 200, ""max_trades"": 1, ""min_opening_return_points"": 0, ""min_std_threshold"": 5, ""opening_window"": 30, ""require_close_above_vwap"": true, ""rolling_window"": 120, ""rv_window"": 60, ""stop_loss_points"": 180, ""take_profit_points"": 9999, ""use_vwap"": true, ""z_entry"": 2.5, ""z_exit"": 0.25}",-2034.0,-101700.0,-0.803503736639502,-2885.0,93,0.19135802469135801,0.43010752688172044,-21.870967741935484,0.7508879363135333,220.31182795698925,-1.3848712587339582
train,EXTREME_TREND_FOLLOWING,EXTREME_TREND_FOLLOWING,E_DIRECTIONAL_LONG_FILTERS,extreme_trend_following_002,"{""buffer_points"": 10, ""close_on_extreme"": false, ""disable_take_profit"": true, ""er_threshold"": 0.35, ""er_window"": 60, ""extreme_action"": ""close"", ""extreme_vol_quantile"": 0.95, ""extreme_vol_threshold"": 0.005451382834876, ""forced_exit_time"": 162800, ""hold_to_close"": true, ""max_daily_loss"": 200, ""max_trades"": 1, ""min_opening_return_points"": 20, ""min_std_threshold"": 5, ""opening_window"": 30, ""require_close_above_vwap"": true, ""rolling_window"": 120, ""rv_window"": 60, ""stop_loss_points"": 180, ""take_profit_points"": 9999, ""use_vwap"": true, ""z_entry"": 2.5, ""z_exit"": 0.25}",-2837.0,-141850.0,-1.1142230580856134,-3402.0,91,0.18724279835390947,0.4065934065934066,-31.175824175824175,0.6702696420269642,211.64835164835165,-1.8439663471673495
train,EXTREME_TREND_FOLLOWING,EXTREME_TREND_FOLLOWING,E_DIRECTIONAL_LONG_FILTERS,extreme_trend_following_003,"{""buffer_points"": 0, ""close_on_extreme"": false, ""disable_take_profit"": true, ""er_threshold"": 0.35, ""er_window"": 60, ""extreme_action"": ""close"", ""extreme_vol_quantile"": 0.95, ""extreme_vol_threshold"": 0.005451382834876, ""forced_exit_time"": 162800, ""hold_to_close"": true, ""max_daily_loss"": 200, ""max_trades"": 1, ""min_opening_return_points"": 0, ""min_std_threshold"": 5, ""opening_window"": 30, ""require_up_breakout"": true, ""rolling_window"": 120, ""rv_window"": 60, ""stop_loss_points"": 180, ""take_profit_points"": 9999, ""use_vwap"": true, ""z_entry"": 2.5, ""z_exit"": 0.25}",-597.0,-29850.0,-0.28638459690094,-1979.0,61,0.12551440329218108,0.4426229508196721,-9.78688524590164,0.8816650148662042,214.63934426229508,-0.5920969440074342
val,ORB_FILTERED_HYBRID_BASIC,ORB_FILTERED_HYBRID_BASIC,A_ORB_FILTERED_HYBRID,orb_filtered_hybrid_basic_001,"{""buffer_points"": 10, ""er_threshold"": 0.35, ""er_window"": 60, ""extreme_action"": ""close"", ""extreme_vol_quantile"": 0.95, ""extreme_vol_threshold"": 0.005451382834876, ""forced_exit_time"": 162800, ""max_daily_loss"": 200, ""max_trades"": 3, ""min_std_threshold"": 5, ""opening_window"": 30, ""rolling_window"": 120, ""rv_window"": 60, ""stop_loss_points"": 80, ""take_profit_points"": 120, ""use_vwap"": true, ""z_entry"": 2.5, ""z_exit"": 0.25}",328.0,16400.0,0.7721508400991979,-310.0,62,0.5040650406504065,0.43548387096774194,5.290322580645161,1.1314629258517035,70.19354838709677,0.8515003113995221
val,ORB_FILTERED_HYBRID_BASIC,ORB_FILTERED_HYBRID_BASIC,A_ORB_FILTERED_HYBRID,orb_filtered_hybrid_basic_002,"{""buffer_points"": 10, ""er_threshold"": 0.45, ""er_window"": 60, ""extreme_action"": ""close"", ""extreme_vol_quantile"": 0.95, ""extreme_vol_threshold"": 0.005451382834876, ""forced_exit_time"": 162800, ""max_daily_loss"": 200, ""max_trades"": 3, ""min_std_threshold"": 5, ""opening_window"": 30, ""rolling_window"": 120, ""rv_window"": 60, ""stop_loss_points"": 80, ""take_profit_points"": 120, ""use_vwap"": true, ""z_entry"": 2.5, ""z_exit"": 0.25}",243.0,12150.0,1.401109803307919,-99.0,18,0.14634146341463414,0.5,13.5,1.3547445255474453,34.77777777777778,1.6784605688411216
val,ORB_FILTERED_HYBRID_CONFIRM,ORB_FILTERED_HYBRID_CONFIRM,A_ORB_FILTERED_HYBRID,orb_filtered_hybrid_confirm_001,"{""buffer_points"": 10, ""er_threshold"": 0.35, ""er_window"": 60, ""extreme_action"": ""close"", ""extreme_vol_quantile"": 0.95, ""extreme_vol_threshold"": 0.005451382834876, ""forced_exit_time"": 162800, ""max_daily_loss"": 200, ""max_trades"": 3, ""min_std_threshold"": 5, ""opening_window"": 30, ""rolling_window"": 120, ""rv_window"": 60, ""stop_loss_points"": 80, ""take_profit_points"": 120, ""use_two_bar_confirmation"": true, ""use_vwap"": true, ""z_entry"": 2.5, ""z_exit"": 0.25}",412.0,20600.0,0.9936040342531803,-304.0,59,0.4796747967479675,0.4406779661016949,6.983050847457627,1.1792083514571552,68.32203389830508,1.0924874229304773
val,ORB_FILTERED_HYBRID_CONFIRM,ORB_FILTERED_HYBRID_CONFIRM,A_ORB_FILTERED_HYBRID,orb_filtered_hybrid_confirm_002,"{""buffer_points"": 10, ""er_threshold"": 0.35, ""er_window"": 60, ""extreme_action"": ""close"", ""extreme_vol_quantile"": 0.95, ""extreme_vol_threshold"": 0.005451382834876, ""forced_exit_time"": 162800, ""max_daily_loss"": 200, ""max_trades"": 3, ""min_std_threshold"": 5, ""opening_window"": 30, ""rolling_window"": 120, ""rv_window"": 60, ""stop_loss_points"": 80, ""take_profit_points"": 120, ""use_volume_filter"": true, ""use_vwap"": true, ""volume_multiplier"": 1.0, ""volume_window"": 30, ""z_entry"": 2.5, ""z_exit"": 0.25}",436.0,21800.0,1.0390843410137591,-333.0,49,0.3983739837398374,0.46938775510204084,8.89795918367347,1.2289915966386555,65.77551020408163,1.1634887442384636
val,ORB_FILTERED_HYBRID_CONFIRM,ORB_FILTERED_HYBRID_CONFIRM,A_ORB_FILTERED_HYBRID,orb_filtered_hybrid_confirm_003,"{""buffer_points"": 10, ""er_threshold"": 0.35, ""er_window"": 60, ""extreme_action"": ""close"", ""extreme_vol_quantile"": 0.95, ""extreme_vol_threshold"": 0.005451382834876, ""forced_exit_time"": 162800, ""max_daily_loss"": 200, ""max_trades"": 3, ""min_std_threshold"": 5, ""opening_window"": 30, ""rolling_window"": 120, ""rv_window"": 60, ""stop_loss_points"": 80, ""take_profit_points"": 120, ""use_two_bar_confirmation"": true, ""use_volume_filter"": true, ""use_vwap"": true, ""volume_multiplier"": 1.0, ""volume_window"": 30, ""z_entry"": 2.5, ""z_exit"": 0.25}",410.0,20500.0,1.0683172776496552,-322.0,46,0.37398373983739835,0.45652173913043476,8.91304347826087,1.2262693156732891,65.19565217391305,1.2008886716086278
val,ORB_FILTERED_HYBRID_STRICT_TREND,ORB_FILTERED_HYBRID_STRICT_TREND,A_ORB_FILTERED_HYBRID,orb_filtered_hybrid_strict_trend_001,"{""buffer_points"": 10, ""er_margin"": 0.0, ""er_threshold"": 0.35, ""er_window"": 60, ""extreme_action"": ""close"", ""extreme_vol_quantile"": 0.95, ""extreme_vol_threshold"": 0.005451382834876, ""forced_exit_time"": 162800, ""max_daily_loss"": 200, ""max_trades"": 3, ""min_std_threshold"": 5, ""opening_window"": 30, ""rolling_window"": 120, ""rv_window"": 60, ""stop_loss_points"": 80, ""take_profit_points"": 120, ""use_vwap"": true, ""z_entry"": 2.5, ""z_exit"": 0.25}",328.0,16400.0,0.7721508400991979,-310.0,62,0.5040650406504065,0.43548387096774194,5.290322580645161,1.1314629258517035,70.19354838709677,0.8515003113995221
val,ORB_FILTERED_HYBRID_STRICT_TREND,ORB_FILTERED_HYBRID_STRICT_TREND,A_ORB_FILTERED_HYBRID,orb_filtered_hybrid_strict_trend_002,"{""buffer_points"": 10, ""er_margin"": 0.05, ""er_threshold"": 0.35, ""er_window"": 60, ""extreme_action"": ""close"", ""extreme_vol_quantile"": 0.95, ""extreme_vol_threshold"": 0.005451382834876, ""forced_exit_time"": 162800, ""max_daily_loss"": 200, ""max_trades"": 3, ""min_std_threshold"": 5, ""opening_window"": 30, ""rolling_window"": 120, ""rv_window"": 60, ""stop_loss_points"": 80, ""take_profit_points"": 120, ""use_vwap"": true, ""z_entry"": 2.5, ""z_exit"": 0.25}",171.0,8550.0,0.4852724647887553,-432.0,37,0.3008130081300813,0.40540540540540543,4.621621621621622,1.1076826196473553,59.08108108108108,0.5789898676680738
val,ORB_ONLY_CONFIRM,ORB_ONLY_CONFIRM,B_ORB_ONLY_IMPROVED,orb_only_confirm_001,"{""buffer_points"": 20, ""er_threshold"": 0.35, ""er_window"": 60, ""extreme_action"": ""close"", ""extreme_vol_quantile"": 0.9, ""forced_exit_time"": 162800, ""max_daily_loss"": 200, ""max_trades"": 1, ""min_std_threshold"": 5, ""opening_window"": 30, ""rolling_window"": 60, ""rv_window"": 60, ""stop_loss_points"": 80, ""take_profit_points"": 120, ""use_two_bar_confirmation"": true, ""use_vwap"": true, ""z_entry"": 2.0, ""z_exit"": 0.25}",-386.0,-19300.0,-0.5286831807821165,-1244.0,112,0.9105691056910569,0.41964285714285715,-3.4464285714285716,0.9276747236275061,110.97321428571429,-0.8354067762980042
val,ORB_ONLY_CONFIRM,ORB_ONLY_CONFIRM,B_ORB_ONLY_IMPROVED,orb_only_confirm_002,"{""buffer_points"": 20, ""er_threshold"": 0.35, ""er_window"": 60, ""extreme_action"": ""close"", ""extreme_vol_quantile"": 0.9, ""forced_exit_time"": 162800, ""max_daily_loss"": 200, ""max_trades"": 1, ""min_std_threshold"": 5, ""opening_window"": 30, ""rolling_window"": 60, ""rv_window"": 60, ""stop_loss_points"": 80, ""take_profit_points"": 180, ""use_two_bar_confirmation"": true, ""use_vwap"": true, ""z_entry"": 2.0, ""z_exit"": 0.25}",-192.0,-9600.0,-0.23492715111526596,-1246.0,112,0.9105691056910569,0.39285714285714285,-1.7142857142857142,0.9650209509928949,146.28571428571428,-0.5328141897898064
val,ORB_ONLY_CONFIRM,ORB_ONLY_CONFIRM,B_ORB_ONLY_IMPROVED,orb_only_confirm_003,"{""buffer_points"": 20, ""er_threshold"": 0.35, ""er_window"": 60, ""extreme_action"": ""close"", ""extreme_vol_quantile"": 0.9, ""forced_exit_time"": 162800, ""max_daily_loss"": 200, ""max_trades"": 1, ""min_std_threshold"": 5, ""opening_window"": 30, ""rolling_window"": 60, ""rv_window"": 60, ""stop_loss_points"": 120, ""take_profit_points"": 120, ""use_two_bar_confirmation"": true, ""use_vwap"": true, ""z_entry"": 2.0, ""z_exit"": 0.25}",-19.0,-950.0,-0.024195238490175963,-868.0,112,0.9105691056910569,0.49107142857142855,-0.16964285714285715,0.9964519140989729,169.02678571428572,-0.21972453638819694
val,ORB_ONLY_CONFIRM,ORB_ONLY_CONFIRM,B_ORB_ONLY_IMPROVED,orb_only_confirm_004,"{""buffer_points"": 20, ""er_threshold"": 0.35, ""er_window"": 60, ""extreme_action"": ""close"", ""extreme_vol_quantile"": 0.9, ""forced_exit_time"": 162800, ""max_daily_loss"": 200, ""max_trades"": 1, ""min_std_threshold"": 5, ""opening_window"": 30, ""rolling_window"": 60, ""rv_window"": 60, ""stop_loss_points"": 120, ""take_profit_points"": 180, ""use_two_bar_confirmation"": true, ""use_vwap"": true, ""z_entry"": 2.0, ""z_exit"": 0.25}",199.0,9950.0,0.22743556592347453,-891.0,112,0.9105691056910569,0.4642857142857143,1.7767857142857142,1.0358493965051343,205.17857142857142,0.03600563862699388
val,ORB_ONLY_VOLUME,ORB_ONLY_VOLUME,B_ORB_ONLY_IMPROVED,orb_only_volume_001,"{""buffer_points"": 20, ""er_threshold"": 0.35, ""er_window"": 60, ""extreme_action"": ""close"", ""extreme_vol_quantile"": 0.9, ""forced_exit_time"": 162800, ""max_daily_loss"": 200, ""max_trades"": 1, ""min_std_threshold"": 5, ""opening_window"": 30, ""rolling_window"": 60, ""rv_window"": 60, ""stop_loss_points"": 120, ""take_profit_points"": 180, ""use_volume_filter"": true, ""use_vwap"": true, ""volume_multiplier"": 1.0, ""volume_window"": 30, ""z_entry"": 2.0, ""z_exit"": 0.25}",444.0,22200.0,0.5032429410929675,-1023.0,116,0.943089430894309,0.47413793103448276,3.8275862068965516,1.0803183791606368,204.94827586206895,0.2818001781595495
val,ORB_ONLY_RANGE_FILTER,ORB_ONLY_RANGE_FILTER,B_ORB_ONLY_IMPROVED,orb_only_range_filter_001,"{""buffer_points"": 20, ""er_threshold"": 0.35, ""er_window"": 60, ""extreme_action"": ""close"", ""extreme_vol_quantile"": 0.9, ""forced_exit_time"": 162800, ""max_daily_loss"": 200, ""max_or_width_points"": 222.0, ""max_trades"": 1, ""min_std_threshold"": 5, ""opening_window"": 30, ""rolling_window"": 60, ""rv_window"": 60, ""stop_loss_points"": 120, ""take_profit_points"": 180, ""use_or_width_filter"": true, ""use_vwap"": true, ""z_entry"": 2.0, ""z_exit"": 0.25}",433.0,21650.0,0.5551473746519952,-1127.0,91,0.7398373983739838,0.4835164835164835,4.758241758241758,1.102219074598678,215.97802197802199,0.3639927937081687
val,ORB_ONLY_LOW_TURNOVER,ORB_ONLY_LOW_TURNOVER,B_ORB_ONLY_IMPROVED,orb_only_low_turnover_001,"{""buffer_points"": 20, ""cooldown_bars"": 30, ""er_threshold"": 0.35, ""er_window"": 60, ""extreme_action"": ""close"", ""extreme_vol_quantile"": 0.9, ""forced_exit_time"": 162800, ""max_daily_loss"": 200, ""max_trades"": 1, ""min_std_threshold"": 5, ""no_reentry_after_stop"": true, ""opening_window"": 30, ""rolling_window"": 60, ""rv_window"": 60, ""stop_loss_points"": 120, ""take_profit_points"": 180, ""use_vwap"": true, ""z_entry"": 2.0, ""z_exit"": 0.25}",1142.0,57100.0,1.2720859052160096,-1001.0,116,0.943089430894309,0.4827586206896552,9.844827586206897,1.2196153846153845,213.2155172413793,1.0909673936462783
val,STRICT_MR_ONLY,STRICT_MR_ONLY,C_STRICT_MR,strict_mr_only_001,"{""buffer_points"": 10, ""er_threshold"": 0.35, ""er_window"": 60, ""extreme_action"": ""close"", ""extreme_vol_quantile"": 0.9, ""forced_exit_time"": 162800, ""low_rv_quantile"": 0.5, ""max_daily_loss"": 200, ""max_trades"": 1, ""min_std_threshold"": 5, ""opening_window"": 30, ""rolling_window"": 120, ""rv_window"": 60, ""stop_loss_points"": 80, ""strict_er_threshold"": 0.25, ""take_profit_points"": 120, ""use_vwap"": true, ""z_entry"": 2.5, ""z_exit"": 0.25}",-1069.0,-53450.0,-2.465203338023903,-1190.0,96,0.7804878048780488,0.4791666666666667,-11.135416666666666,0.6590111642743222,89.52083333333333,-2.7930724981748347
val,STRICT_MR_HYBRID,STRICT_MR_HYBRID,C_STRICT_MR,strict_mr_hybrid_001,"{""buffer_points"": 10, ""er_threshold"": 0.35, ""er_window"": 60, ""extreme_action"": ""close"", ""extreme_vol_quantile"": 0.95, ""extreme_vol_threshold"": 0.005451382834876, ""forced_exit_time"": 162800, ""low_rv_quantile"": 0.5, ""max_daily_loss"": 200, ""max_trades"": 2, ""min_std_threshold"": 5, ""opening_window"": 30, ""rolling_window"": 120, ""rv_window"": 60, ""stop_loss_points"": 80, ""strict_er_threshold"": 0.25, ""take_profit_points"": 120, ""use_vwap"": true, ""z_entry"": 2.5, ""z_exit"": 0.25}",-168.0,-8400.0,-0.27724972764520356,-961.0,151,1.2276422764227641,0.48344370860927155,-1.1125827814569536,0.9654534238124615,81.50331125827815,-0.5830469407977792
val,LOW_TURNOVER_HYBRID,LOW_TURNOVER_HYBRID,D_LOW_TURNOVER_HYBRID,low_turnover_hybrid_001,"{""buffer_points"": 10, ""er_threshold"": 0.35, ""er_window"": 60, ""extreme_action"": ""close"", ""extreme_vol_quantile"": 0.95, ""extreme_vol_threshold"": 0.005451382834876, ""forced_exit_time"": 162800, ""max_daily_loss"": 200, ""max_trades"": 1, ""min_std_threshold"": 5, ""opening_window"": 30, ""rolling_window"": 120, ""rv_window"": 60, ""stop_loss_points"": 80, ""take_profit_points"": 120, ""use_vwap"": true, ""z_entry"": 2.5, ""z_exit"": 0.25}",-911.0,-45550.0,-1.6546307639876945,-1306.0,116,0.943089430894309,0.4827586206896552,-7.853448275862069,0.7777506708953403,92.11206896551724,-2.0224654539874365
val,LOW_TURNOVER_HYBRID,LOW_TURNOVER_HYBRID,D_LOW_TURNOVER_HYBRID,low_turnover_hybrid_002,"{""buffer_points"": 10, ""cooldown_bars"": 30, ""er_threshold"": 0.35, ""er_window"": 60, ""extreme_action"": ""close"", ""extreme_vol_quantile"": 0.95, ""extreme_vol_threshold"": 0.005451382834876, ""forced_exit_time"": 162800, ""max_daily_loss"": 200, ""max_trades"": 2, ""min_std_threshold"": 5, ""opening_window"": 30, ""rolling_window"": 120, ""rv_window"": 60, ""stop_loss_points"": 80, ""take_profit_points"": 120, ""use_vwap"": true, ""z_entry"": 2.5, ""z_exit"": 0.25}",-1816.0,-90800.0,-3.060754825445054,-2328.0,180,1.4634146341463414,0.4777777777777778,-10.088888888888889,0.6983388704318937,80.22777777777777,-3.834023766373666
val,LOW_TURNOVER_HYBRID,LOW_TURNOVER_HYBRID,D_LOW_TURNOVER_HYBRID,low_turnover_hybrid_003,"{""buffer_points"": 10, ""cooldown_bars"": 60, ""er_threshold"": 0.35, ""er_window"": 60, ""extreme_action"": ""close"", ""extreme_vol_quantile"": 0.95, ""extreme_vol_threshold"": 0.005451382834876, ""forced_exit_time"": 162800, ""max_daily_loss"": 200, ""max_trades"": 2, ""min_std_threshold"": 5, ""opening_window"": 30, ""rolling_window"": 120, ""rv_window"": 60, ""stop_loss_points"": 80, ""take_profit_points"": 120, ""use_vwap"": true, ""z_entry"": 2.5, ""z_exit"": 0.25}",-1469.0,-73450.0,-2.7217732155030814,-1980.0,177,1.4390243902439024,0.4971751412429379,-8.299435028248588,0.7354583108229785,80.30508474576271,-3.3926647353583124
val,LOW_TURNOVER_HYBRID,LOW_TURNOVER_HYBRID,D_LOW_TURNOVER_HYBRID,low_turnover_hybrid_004,"{""boundary_margin"": 0.05, ""buffer_points"": 10, ""er_threshold"": 0.35, ""er_window"": 60, ""extreme_action"": ""close"", ""extreme_vol_quantile"": 0.95, ""extreme_vol_threshold"": 0.005451382834876, ""forced_exit_time"": 162800, ""max_daily_loss"": 200, ""max_trades"": 2, ""min_std_threshold"": 5, ""opening_window"": 30, ""rolling_window"": 120, ""rv_window"": 60, ""stop_loss_points"": 80, ""take_profit_points"": 120, ""use_vwap"": true, ""z_entry"": 2.5, ""z_exit"": 0.25}",-1160.0,-58000.0,-1.7648046837813842,-2076.0,181,1.4715447154471544,0.49171270718232046,-6.4088397790055245,0.8011314932281844,76.66298342541437,-2.4514079893361265
val,LONG_OR_FLAT_FILTERED,LONG_OR_FLAT_FILTERED,E_DIRECTIONAL_LONG_FILTERS,long_or_flat_filtered_001,"{""buffer_points"": 10, ""close_on_extreme"": false, ""disable_take_profit"": true, ""er_threshold"": 0.35, ""er_window"": 60, ""extreme_action"": ""close"", ""extreme_vol_quantile"": 0.95, ""extreme_vol_threshold"": 0.005451382834876, ""forced_exit_time"": 162800, ""hold_to_close"": true, ""max_daily_loss"": 200, ""max_trades"": 1, ""min_opening_return_points"": 0, ""min_std_threshold"": 5, ""opening_window"": 30, ""require_close_above_vwap"": true, ""rolling_window"": 120, ""rv_window"": 60, ""stop_loss_points"": 160, ""take_profit_points"": 9999, ""use_vwap"": true, ""z_entry"": 2.5, ""z_exit"": 0.25}",830.0,41500.0,0.748737706314399,-1377.0,99,0.8048780487804879,0.46464646464646464,8.383838383838384,1.1523494860499266,283.7171717171717,0.49135556563175864
val,LONG_OR_FLAT_FILTERED,LONG_OR_FLAT_FILTERED,E_DIRECTIONAL_LONG_FILTERS,long_or_flat_filtered_002,"{""buffer_points"": 10, ""close_on_extreme"": false, ""disable_take_profit"": true, ""er_threshold"": 0.35, ""er_window"": 60, ""extreme_action"": ""close"", ""extreme_vol_quantile"": 0.95, ""extreme_vol_threshold"": 0.005451382834876, ""forced_exit_time"": 162800, ""hold_to_close"": true, ""max_daily_loss"": 200, ""max_trades"": 1, ""min_opening_return_points"": 20, ""min_std_threshold"": 5, ""opening_window"": 30, ""require_close_above_vwap"": true, ""rolling_window"": 120, ""rv_window"": 60, ""stop_loss_points"": 160, ""take_profit_points"": 9999, ""use_vwap"": true, ""z_entry"": 2.5, ""z_exit"": 0.25}",163.0,8150.0,0.14874348583203154,-1516.0,99,0.8048780487804879,0.43434343434343436,1.6464646464646464,1.0284915224611082,277.3131313131313,-0.1743531457478134
val,LONG_OR_FLAT_FILTERED,LONG_OR_FLAT_FILTERED,E_DIRECTIONAL_LONG_FILTERS,long_or_flat_filtered_003,"{""buffer_points"": 0, ""close_on_extreme"": false, ""disable_take_profit"": true, ""er_threshold"": 0.35, ""er_window"": 60, ""extreme_action"": ""close"", ""extreme_vol_quantile"": 0.95, ""extreme_vol_threshold"": 0.005451382834876, ""forced_exit_time"": 162800, ""hold_to_close"": true, ""max_daily_loss"": 200, ""max_trades"": 1, ""min_opening_return_points"": 0, ""min_std_threshold"": 5, ""opening_window"": 30, ""require_up_breakout"": true, ""rolling_window"": 120, ""rv_window"": 60, ""stop_loss_points"": 160, ""take_profit_points"": 9999, ""use_vwap"": true, ""z_entry"": 2.5, ""z_exit"": 0.25}",1090.0,54500.0,1.2240586593297096,-998.0,70,0.5691056910569106,0.5285714285714286,15.571428571428571,1.3238265002970886,285.48571428571427,1.163238861639754
val,LONG_OR_FLAT_FILTERED,LONG_OR_FLAT_FILTERED,E_DIRECTIONAL_LONG_FILTERS,long_or_flat_filtered_004,"{""buffer_points"": 10, ""close_on_extreme"": false, ""disable_take_profit"": true, ""er_threshold"": 0.35, ""er_window"": 60, ""extreme_action"": ""close"", ""extreme_vol_quantile"": 0.95, ""extreme_vol_threshold"": 0.005451382834876, ""forced_exit_time"": 162800, ""hold_to_close"": true, ""max_daily_loss"": 200, ""max_trades"": 1, ""min_er"": 0.25, ""min_opening_return_points"": 20, ""min_std_threshold"": 5, ""opening_window"": 30, ""rolling_window"": 120, ""rv_window"": 60, ""stop_loss_points"": 160, ""take_profit_points"": 9999, ""use_vwap"": true, ""z_entry"": 2.5, ""z_exit"": 0.25}",1078.0,53900.0,1.3418420032376526,-707.0,69,0.5609756097560976,0.463768115942029,15.623188405797102,1.3986686390532543,208.17391304347825,1.3745152605619417
val,LONG_OR_FLAT_FILTERED,LONG_OR_FLAT_FILTERED,E_DIRECTIONAL_LONG_FILTERS,long_or_flat_filtered_005,"{""buffer_points"": 10, ""close_on_extreme"": false, ""disable_take_profit"": true, ""er_threshold"": 0.35, ""er_window"": 60, ""extreme_action"": ""close"", ""extreme_vol_quantile"": 0.95, ""extreme_vol_threshold"": 0.005451382834876, ""forced_exit_time"": 162800, ""hold_to_close"": true, ""max_daily_loss"": 200, ""max_rv"": 0.0029592908805379154, ""max_trades"": 1, ""min_opening_return_points"": 0, ""min_std_threshold"": 5, ""opening_window"": 30, ""require_close_above_vwap"": true, ""rolling_window"": 120, ""rv_window"": 60, ""stop_loss_points"": 160, ""take_profit_points"": 9999, ""use_vwap"": true, ""z_entry"": 2.5, ""z_exit"": 0.25}",680.0,34000.0,0.6248069952292673,-1435.0,97,0.7886178861788617,0.44329896907216493,7.010309278350515,1.1292529937274283,279.5257731958763,0.3512157721164089
val,LONG_ONLY_ORB,LONG_ONLY_ORB,E_DIRECTIONAL_LONG_FILTERS,long_only_orb_001,"{""buffer_points"": 0, ""er_threshold"": 0.35, ""er_window"": 60, ""extreme_action"": ""close"", ""extreme_vol_quantile"": 0.9, ""forced_exit_time"": 162800, ""max_daily_loss"": 200, ""max_trades"": 1, ""min_std_threshold"": 5, ""opening_window"": 30, ""rolling_window"": 60, ""rv_window"": 60, ""stop_loss_points"": 120, ""take_profit_points"": 180, ""use_vwap"": true, ""z_entry"": 2.0, ""z_exit"": 0.25}",-311.0,-15550.0,-0.4535811217143547,-747.0,70,0.5691056910569106,0.4857142857142857,-4.442857142857143,0.916510067114094,203.71428571428572,-0.5534800277000588
val,LONG_ONLY_ORB,LONG_ONLY_ORB,E_DIRECTIONAL_LONG_FILTERS,long_only_orb_002,"{""buffer_points"": 10, ""er_threshold"": 0.35, ""er_window"": 60, ""extreme_action"": ""close"", ""extreme_vol_quantile"": 0.9, ""forced_exit_time"": 162800, ""max_daily_loss"": 200, ""max_trades"": 1, ""min_std_threshold"": 5, ""opening_window"": 30, ""rolling_window"": 60, ""rv_window"": 60, ""stop_loss_points"": 120, ""take_profit_points"": 180, ""use_vwap"": true, ""z_entry"": 2.0, ""z_exit"": 0.25}",36.0,1800.0,0.05281101849947854,-860.0,67,0.5447154471544715,0.5074626865671642,0.5373134328358209,1.010775217000898,205.02985074626866,-0.04567403903891487
val,LONG_ONLY_ORB,LONG_ONLY_ORB,E_DIRECTIONAL_LONG_FILTERS,long_only_orb_003,"{""buffer_points"": 20, ""er_threshold"": 0.35, ""er_window"": 60, ""extreme_action"": ""close"", ""extreme_vol_quantile"": 0.9, ""forced_exit_time"": 162800, ""max_daily_loss"": 200, ""max_trades"": 1, ""min_std_threshold"": 5, ""opening_window"": 30, ""rolling_window"": 60, ""rv_window"": 60, ""stop_loss_points"": 120, ""take_profit_points"": 180, ""use_two_bar_confirmation"": true, ""use_vwap"": true, ""z_entry"": 2.0, ""z_exit"": 0.25}",-468.0,-23400.0,-0.7208783463194843,-900.0,62,0.5040650406504065,0.46774193548387094,-7.548387096774194,0.8596701649175412,197.5,-0.8569770652527007
val,LONG_ONLY_ORB,LONG_ONLY_ORB,E_DIRECTIONAL_LONG_FILTERS,long_only_orb_004,"{""buffer_points"": 10, ""er_threshold"": 0.35, ""er_window"": 60, ""extreme_action"": ""close"", ""extreme_vol_quantile"": 0.9, ""forced_exit_time"": 162800, ""max_daily_loss"": 200, ""max_trades"": 1, ""min_std_threshold"": 5, ""opening_window"": 30, ""rolling_window"": 60, ""rv_window"": 60, ""stop_loss_points"": 120, ""take_profit_points"": 180, ""use_volume_filter"": true, ""use_vwap"": true, ""volume_multiplier"": 1.0, ""volume_window"": 30, ""z_entry"": 2.0, ""z_exit"": 0.25}",-187.0,-9350.0,-0.27524136994878373,-878.0,67,0.5447154471544715,0.4925373134328358,-2.791044776119403,0.9456079115764979,205.26865671641792,-0.39451825384327716
val,ORB_TO_CLOSE,ORB_TO_CLOSE,E_DIRECTIONAL_LONG_FILTERS,orb_to_close_001,"{""buffer_points"": 0, ""disable_take_profit"": true, ""er_threshold"": 0.35, ""er_window"": 60, ""extreme_action"": ""close"", ""extreme_vol_quantile"": 0.9, ""forced_exit_time"": 162800, ""hold_to_close"": true, ""long_only"": true, ""max_daily_loss"": 200, ""max_trades"": 1, ""min_std_threshold"": 5, ""opening_window"": 30, ""rolling_window"": 60, ""rv_window"": 60, ""stop_loss_points"": 160, ""take_profit_points"": 9999, ""use_vwap"": true, ""z_entry"": 2.0, ""z_exit"": 0.25}",1090.0,54500.0,1.2240586593297096,-998.0,70,0.5691056910569106,0.5285714285714286,15.571428571428571,1.3238265002970886,285.48571428571427,1.163238861639754
val,ORB_TO_CLOSE,ORB_TO_CLOSE,E_DIRECTIONAL_LONG_FILTERS,orb_to_close_002,"{""buffer_points"": 10, ""disable_take_profit"": true, ""er_threshold"": 0.35, ""er_window"": 60, ""extreme_action"": ""close"", ""extreme_vol_quantile"": 0.9, ""forced_exit_time"": 162800, ""hold_to_close"": true, ""long_only"": true, ""max_daily_loss"": 200, ""max_trades"": 1, ""min_std_threshold"": 5, ""opening_window"": 30, ""rolling_window"": 60, ""rv_window"": 60, ""stop_loss_points"": 160, ""take_profit_points"": 9999, ""use_vwap"": true, ""z_entry"": 2.0, ""z_exit"": 0.25}",877.0,43850.0,1.015008934883157,-1051.0,67,0.5447154471544715,0.5373134328358209,13.08955223880597,1.2725295214418895,280.95522388059703,0.9342124534550114
val,ORB_TO_CLOSE,ORB_TO_CLOSE,E_DIRECTIONAL_LONG_FILTERS,orb_to_close_003,"{""buffer_points"": 20, ""disable_take_profit"": true, ""er_threshold"": 0.35, ""er_window"": 60, ""extreme_action"": ""close"", ""extreme_vol_quantile"": 0.9, ""forced_exit_time"": 162800, ""hold_to_close"": true, ""long_only"": true, ""max_daily_loss"": 200, ""max_trades"": 1, ""min_std_threshold"": 5, ""opening_window"": 30, ""rolling_window"": 60, ""rv_window"": 60, ""stop_loss_points"": 160, ""take_profit_points"": 9999, ""use_two_bar_confirmation"": true, ""use_vwap"": true, ""z_entry"": 2.0, ""z_exit"": 0.25}",1011.0,50550.0,1.1618240227727314,-794.0,62,0.5040650406504065,0.5,16.306451612903224,1.3323471400394478,265.03225806451616,1.1703945476199917
val,ORB_TO_CLOSE,ORB_TO_CLOSE,E_DIRECTIONAL_LONG_FILTERS,orb_to_close_004,"{""buffer_points"": 10, ""disable_take_profit"": true, ""er_threshold"": 0.35, ""er_window"": 60, ""extreme_action"": ""close"", ""extreme_vol_quantile"": 0.9, ""forced_exit_time"": 162800, ""hold_to_close"": true, ""long_only"": true, ""max_daily_loss"": 200, ""max_or_width_points"": 222.0, ""max_trades"": 1, ""min_std_threshold"": 5, ""opening_window"": 30, ""rolling_window"": 60, ""rv_window"": 60, ""stop_loss_points"": 160, ""take_profit_points"": 9999, ""use_or_width_filter"": true, ""use_vwap"": true, ""z_entry"": 2.0, ""z_exit"": 0.25}",142.0,7100.0,0.23302571460261146,-801.0,51,0.4146341463414634,0.5294117647058824,2.784313725490196,1.059043659043659,289.0980392156863,0.19387809277816032
val,EXTREME_TREND_FOLLOWING,EXTREME_TREND_FOLLOWING,E_DIRECTIONAL_LONG_FILTERS,extreme_trend_following_001,"{""buffer_points"": 10, ""close_on_extreme"": false, ""disable_take_profit"": true, ""er_threshold"": 0.35, ""er_window"": 60, ""extreme_action"": ""close"", ""extreme_vol_quantile"": 0.95, ""extreme_vol_threshold"": 0.005451382834876, ""forced_exit_time"": 162800, ""hold_to_close"": true, ""max_daily_loss"": 200, ""max_trades"": 1, ""min_opening_return_points"": 0, ""min_std_threshold"": 5, ""opening_window"": 30, ""require_close_above_vwap"": true, ""rolling_window"": 120, ""rv_window"": 60, ""stop_loss_points"": 180, ""take_profit_points"": 9999, ""use_vwap"": true, ""z_entry"": 2.5, ""z_exit"": 0.25}",808.0,40400.0,1.1929392769507798,-595.0,35,0.2845528455284553,0.5142857142857142,23.085714285714285,1.4692218350754935,259.0285714285714,1.3403565243375395
val,EXTREME_TREND_FOLLOWING,EXTREME_TREND_FOLLOWING,E_DIRECTIONAL_LONG_FILTERS,extreme_trend_following_002,"{""buffer_points"": 10, ""close_on_extreme"": false, ""disable_take_profit"": true, ""er_threshold"": 0.35, ""er_window"": 60, ""extreme_action"": ""close"", ""extreme_vol_quantile"": 0.95, ""extreme_vol_threshold"": 0.005451382834876, ""forced_exit_time"": 162800, ""hold_to_close"": true, ""max_daily_loss"": 200, ""max_trades"": 1, ""min_opening_return_points"": 20, ""min_std_threshold"": 5, ""opening_window"": 30, ""require_close_above_vwap"": true, ""rolling_window"": 120, ""rv_window"": 60, ""stop_loss_points"": 180, ""take_profit_points"": 9999, ""use_vwap"": true, ""z_entry"": 2.5, ""z_exit"": 0.25}",674.0,33700.0,1.003125885442436,-702.0,35,0.2845528455284553,0.4857142857142857,19.257142857142856,1.3866896156052781,250.28571428571428,1.1031600779616417
val,EXTREME_TREND_FOLLOWING,EXTREME_TREND_FOLLOWING,E_DIRECTIONAL_LONG_FILTERS,extreme_trend_following_003,"{""buffer_points"": 0, ""close_on_extreme"": false, ""disable_take_profit"": true, ""er_threshold"": 0.35, ""er_window"": 60, ""extreme_action"": ""close"", ""extreme_vol_quantile"": 0.95, ""extreme_vol_threshold"": 0.005451382834876, ""forced_exit_time"": 162800, ""hold_to_close"": true, ""max_daily_loss"": 200, ""max_trades"": 1, ""min_opening_return_points"": 0, ""min_std_threshold"": 5, ""opening_window"": 30, ""require_up_breakout"": true, ""rolling_window"": 120, ""rv_window"": 60, ""stop_loss_points"": 180, ""take_profit_points"": 9999, ""use_vwap"": true, ""z_entry"": 2.5, ""z_exit"": 0.25}",1115.0,55750.0,2.1389216033456733,-548.0,22,0.17886178861788618,0.5909090909090909,50.68181818181818,2.7394695787831513,227.13636363636363,2.6420735508869897
test,ORB_FILTERED_HYBRID_BASIC,ORB_FILTERED_HYBRID_BASIC,A_ORB_FILTERED_HYBRID,orb_filtered_hybrid_basic_002,"{""buffer_points"": 10, ""er_threshold"": 0.45, ""er_window"": 60, ""extreme_action"": ""close"", ""extreme_vol_quantile"": 0.95, ""extreme_vol_threshold"": 0.005451382834876, ""forced_exit_time"": 162800, ""max_daily_loss"": 200, ""max_trades"": 3, ""min_std_threshold"": 5, ""opening_window"": 30, ""rolling_window"": 120, ""rv_window"": 60, ""stop_loss_points"": 80, ""take_profit_points"": 120, ""use_vwap"": true, ""z_entry"": 2.5, ""z_exit"": 0.25}",-567.0,-28350.0,-3.8134532389686777,-596.0,11,0.102803738317757,0.09090909090909091,-51.54545454545455,0.09134615384615384,70.0,-3.9653176350865786
test,ORB_FILTERED_HYBRID_CONFIRM,ORB_FILTERED_HYBRID_CONFIRM,A_ORB_FILTERED_HYBRID,orb_filtered_hybrid_confirm_003,"{""buffer_points"": 10, ""er_threshold"": 0.35, ""er_window"": 60, ""extreme_action"": ""close"", ""extreme_vol_quantile"": 0.95, ""extreme_vol_threshold"": 0.005451382834876, ""forced_exit_time"": 162800, ""max_daily_loss"": 200, ""max_trades"": 3, ""min_std_threshold"": 5, ""opening_window"": 30, ""rolling_window"": 120, ""rv_window"": 60, ""stop_loss_points"": 80, ""take_profit_points"": 120, ""use_two_bar_confirmation"": true, ""use_volume_filter"": true, ""use_vwap"": true, ""volume_multiplier"": 1.0, ""volume_window"": 30, ""z_entry"": 2.5, ""z_exit"": 0.25}",-478.0,-23900.0,-1.5285673433905946,-602.0,53,0.4953271028037383,0.4716981132075472,-9.018867924528301,0.773567029843676,60.60377358490566,-1.6095073616306104
test,LONG_OR_FLAT_FILTERED,LONG_OR_FLAT_FILTERED,E_DIRECTIONAL_LONG_FILTERS,long_or_flat_filtered_004,"{""buffer_points"": 10, ""close_on_extreme"": false, ""disable_take_profit"": true, ""er_threshold"": 0.35, ""er_window"": 60, ""extreme_action"": ""close"", ""extreme_vol_quantile"": 0.95, ""extreme_vol_threshold"": 0.005451382834876, ""forced_exit_time"": 162800, ""hold_to_close"": true, ""max_daily_loss"": 200, ""max_trades"": 1, ""min_er"": 0.25, ""min_opening_return_points"": 20, ""min_std_threshold"": 5, ""opening_window"": 30, ""rolling_window"": 120, ""rv_window"": 60, ""stop_loss_points"": 160, ""take_profit_points"": 9999, ""use_vwap"": true, ""z_entry"": 2.5, ""z_exit"": 0.25}",991.0,49550.0,0.9110407942402244,-724.0,68,0.6355140186915887,0.4264705882352941,14.573529411764707,1.2437284800787014,180.44117647058823,0.8820944095870027
test,EXTREME_TREND_FOLLOWING,EXTREME_TREND_FOLLOWING,E_DIRECTIONAL_LONG_FILTERS,extreme_trend_following_001,"{""buffer_points"": 10, ""close_on_extreme"": false, ""disable_take_profit"": true, ""er_threshold"": 0.35, ""er_window"": 60, ""extreme_action"": ""close"", ""extreme_vol_quantile"": 0.95, ""extreme_vol_threshold"": 0.005451382834876, ""forced_exit_time"": 162800, ""hold_to_close"": true, ""max_daily_loss"": 200, ""max_trades"": 1, ""min_opening_return_points"": 0, ""min_std_threshold"": 5, ""opening_window"": 30, ""require_close_above_vwap"": true, ""rolling_window"": 120, ""rv_window"": 60, ""stop_loss_points"": 180, ""take_profit_points"": 9999, ""use_vwap"": true, ""z_entry"": 2.5, ""z_exit"": 0.25}",-1067.0,-53350.0,-1.0249754226291183,-2597.0,53,0.4953271028037383,0.33962264150943394,-20.132075471698112,0.7825112107623319,226.56603773584905,-1.60242939563947
test,EXTREME_TREND_FOLLOWING,EXTREME_TREND_FOLLOWING,E_DIRECTIONAL_LONG_FILTERS,extreme_trend_following_003,"{""buffer_points"": 0, ""close_on_extreme"": false, ""disable_take_profit"": true, ""er_threshold"": 0.35, ""er_window"": 60, ""extreme_action"": ""close"", ""extreme_vol_quantile"": 0.95, ""extreme_vol_threshold"": 0.005451382834876, ""forced_exit_time"": 162800, ""hold_to_close"": true, ""max_daily_loss"": 200, ""max_trades"": 1, ""min_opening_return_points"": 0, ""min_std_threshold"": 5, ""opening_window"": 30, ""require_up_breakout"": true, ""rolling_window"": 120, ""rv_window"": 60, ""stop_loss_points"": 180, ""take_profit_points"": 9999, ""use_vwap"": true, ""z_entry"": 2.5, ""z_exit"": 0.25}",-1138.0,-56900.0,-1.3290433020792634,-1675.0,32,0.29906542056074764,0.28125,-35.5625,0.6283474853037231,199.96875,-1.6654727858935194
